username,password
user1,Test1234.
user2,Test1234.
user3,Test1234.
user4,Test1234.
user5,Test1234.
user6,Test1234.
user7,Test1234.
user8,Test1234.
user9,Test1234.
user10,Test1234.
user11,Test1234.
user12,Test1234.
user13,Test1234.
user14,Test1234.
user15,Test1234.
user16,Test1234.
user17,Test1234.
user18,Test1234.
user19,Test1234.
user20,Test1234.
user21,Test1234.
user22,Test1234.
user23,Test1234.
user24,Test1234.
user25,Test1234.
user26,Test1234.
user27,Test1234.
user28,Test1234.
user29,Test1234.
user30,Test1234.
user31,Test1234.
user32,Test1234.
user33,Test1234.
user34,Test1234.
user35,Test1234.
user36,Test1234.
user37,Test1234.
user38,Test1234.
user39,Test1234.
user40,Test1234.
user41,Test1234.
user42,Test1234.
user43,Test1234.
user44,Test1234.
user45,Test1234.
user46,Test1234.
user47,Test1234.
user48,Test1234.
user49,Test1234.
user50,Test1234.
user51,Test1234.
user52,Test1234.
user53,Test1234.
user54,Test1234.
user55,Test1234.
user56,Test1234.
user57,Test1234.
user58,Test1234.
user59,Test1234.
user60,Test1234.
user61,Test1234.
user62,Test1234.
user63,Test1234.
user64,Test1234.
user65,Test1234.
user66,Test1234.
user67,Test1234.
user68,Test1234.
user69,Test1234.
user70,Test1234.
user71,Test1234.
user72,Test1234.
user73,Test1234.
user74,Test1234.
user75,Test1234.
user76,Test1234.
user77,Test1234.
user78,Test1234.
user79,Test1234.
user80,Test1234.
user81,Test1234.
user82,Test1234.
user83,Test1234.
user84,Test1234.
user85,Test1234.
user86,Test1234.
user87,Test1234.
user88,Test1234.
user89,Test1234.
user90,Test1234.
user91,Test1234.
user92,Test1234.
user93,Test1234.
user94,Test1234.
user95,Test1234.
user96,Test1234.
user97,Test1234.
user98,Test1234.
user99,Test1234.
user100,Test1234.
user101,Test1234.
user102,Test1234.
user103,Test1234.
user104,Test1234.
user105,Test1234.
user106,Test1234.
user107,Test1234.
user108,Test1234.
user109,Test1234.
user110,Test1234.
user111,Test1234.
user112,Test1234.
user113,Test1234.
user114,Test1234.
user115,Test1234.
user116,Test1234.
user117,Test1234.
user118,Test1234.
user119,Test1234.
user120,Test1234.
user121,Test1234.
user122,Test1234.
user123,Test1234.
user124,Test1234.
user125,Test1234.
user126,Test1234.
user127,Test1234.
user128,Test1234.
user129,Test1234.
user130,Test1234.
user131,Test1234.
user132,Test1234.
user133,Test1234.
user134,Test1234.
user135,Test1234.
user136,Test1234.
user137,Test1234.
user138,Test1234.
user139,Test1234.
user140,Test1234.
user141,Test1234.
user142,Test1234.
user143,Test1234.
user144,Test1234.
user145,Test1234.
user146,Test1234.
user147,Test1234.
user148,Test1234.
user149,Test1234.
user150,Test1234.
user151,Test1234.
user152,Test1234.
user153,Test1234.
user154,Test1234.
user155,Test1234.
user156,Test1234.
user157,Test1234.
user158,Test1234.
user159,Test1234.
user160,Test1234.
user161,Test1234.
user162,Test1234.
user163,Test1234.
user164,Test1234.
user165,Test1234.
user166,Test1234.
user167,Test1234.
user168,Test1234.
user169,Test1234.
user170,Test1234.
user171,Test1234.
user172,Test1234.
user173,Test1234.
user174,Test1234.
user175,Test1234.
user176,Test1234.
user177,Test1234.
user178,Test1234.
user179,Test1234.
user180,Test1234.
user181,Test1234.
user182,Test1234.
user183,Test1234.
user184,Test1234.
user185,Test1234.
user186,Test1234.
user187,Test1234.
user188,Test1234.
user189,Test1234.
user190,Test1234.
user191,Test1234.
user192,Test1234.
user193,Test1234.
user194,Test1234.
user195,Test1234.
user196,Test1234.
user197,Test1234.
user198,Test1234.
user199,Test1234.
user200,Test1234.
user201,Test1234.
user202,Test1234.
user203,Test1234.
user204,Test1234.
user205,Test1234.
user206,Test1234.
user207,Test1234.
user208,Test1234.
user209,Test1234.
user210,Test1234.
user211,Test1234.
user212,Test1234.
user213,Test1234.
user214,Test1234.
user215,Test1234.
user216,Test1234.
user217,Test1234.
user218,Test1234.
user219,Test1234.
user220,Test1234.
user221,Test1234.
user222,Test1234.
user223,Test1234.
user224,Test1234.
user225,Test1234.
user226,Test1234.
user227,Test1234.
user228,Test1234.
user229,Test1234.
user230,Test1234.
user231,Test1234.
user232,Test1234.
user233,Test1234.
user234,Test1234.
user235,Test1234.
user236,Test1234.
user237,Test1234.
user238,Test1234.
user239,Test1234.
user240,Test1234.
user241,Test1234.
user242,Test1234.
user243,Test1234.
user244,Test1234.
user245,Test1234.
user246,Test1234.
user247,Test1234.
user248,Test1234.
user249,Test1234.
user250,Test1234.
user251,Test1234.
user252,Test1234.
user253,Test1234.
user254,Test1234.
user255,Test1234.
user256,Test1234.
user257,Test1234.
user258,Test1234.
user259,Test1234.
user260,Test1234.
user261,Test1234.
user262,Test1234.
user263,Test1234.
user264,Test1234.
user265,Test1234.
user266,Test1234.
user267,Test1234.
user268,Test1234.
user269,Test1234.
user270,Test1234.
user271,Test1234.
user272,Test1234.
user273,Test1234.
user274,Test1234.
user275,Test1234.
user276,Test1234.
user277,Test1234.
user278,Test1234.
user279,Test1234.
user280,Test1234.
user281,Test1234.
user282,Test1234.
user283,Test1234.
user284,Test1234.
user285,Test1234.
user286,Test1234.
user287,Test1234.
user288,Test1234.
user289,Test1234.
user290,Test1234.
user291,Test1234.
user292,Test1234.
user293,Test1234.
user294,Test1234.
user295,Test1234.
user296,Test1234.
user297,Test1234.
user298,Test1234.
user299,Test1234.
user300,Test1234.
user301,Test1234.
user302,Test1234.
user303,Test1234.
user304,Test1234.
user305,Test1234.
user306,Test1234.
user307,Test1234.
user308,Test1234.
user309,Test1234.
user310,Test1234.
user311,Test1234.
user312,Test1234.
user313,Test1234.
user314,Test1234.
user315,Test1234.
user316,Test1234.
user317,Test1234.
user318,Test1234.
user319,Test1234.
user320,Test1234.
user321,Test1234.
user322,Test1234.
user323,Test1234.
user324,Test1234.
user325,Test1234.
user326,Test1234.
user327,Test1234.
user328,Test1234.
user329,Test1234.
user330,Test1234.
user331,Test1234.
user332,Test1234.
user333,Test1234.
user334,Test1234.
user335,Test1234.
user336,Test1234.
user337,Test1234.
user338,Test1234.
user339,Test1234.
user340,Test1234.
user341,Test1234.
user342,Test1234.
user343,Test1234.
user344,Test1234.
user345,Test1234.
user346,Test1234.
user347,Test1234.
user348,Test1234.
user349,Test1234.
user350,Test1234.
user351,Test1234.
user352,Test1234.
user353,Test1234.
user354,Test1234.
user355,Test1234.
user356,Test1234.
user357,Test1234.
user358,Test1234.
user359,Test1234.
user360,Test1234.
user361,Test1234.
user362,Test1234.
user363,Test1234.
user364,Test1234.
user365,Test1234.
user366,Test1234.
user367,Test1234.
user368,Test1234.
user369,Test1234.
user370,Test1234.
user371,Test1234.
user372,Test1234.
user373,Test1234.
user374,Test1234.
user375,Test1234.
user376,Test1234.
user377,Test1234.
user378,Test1234.
user379,Test1234.
user380,Test1234.
user381,Test1234.
user382,Test1234.
user383,Test1234.
user384,Test1234.
user385,Test1234.
user386,Test1234.
user387,Test1234.
user388,Test1234.
user389,Test1234.
user390,Test1234.
user391,Test1234.
user392,Test1234.
user393,Test1234.
user394,Test1234.
user395,Test1234.
user396,Test1234.
user397,Test1234.
user398,Test1234.
user399,Test1234.
user400,Test1234.
user401,Test1234.
user402,Test1234.
user403,Test1234.
user404,Test1234.
user405,Test1234.
user406,Test1234.
user407,Test1234.
user408,Test1234.
user409,Test1234.
user410,Test1234.
user411,Test1234.
user412,Test1234.
user413,Test1234.
user414,Test1234.
user415,Test1234.
user416,Test1234.
user417,Test1234.
user418,Test1234.
user419,Test1234.
user420,Test1234.
user421,Test1234.
user422,Test1234.
user423,Test1234.
user424,Test1234.
user425,Test1234.
user426,Test1234.
user427,Test1234.
user428,Test1234.
user429,Test1234.
user430,Test1234.
user431,Test1234.
user432,Test1234.
user433,Test1234.
user434,Test1234.
user435,Test1234.
user436,Test1234.
user437,Test1234.
user438,Test1234.
user439,Test1234.
user440,Test1234.
user441,Test1234.
user442,Test1234.
user443,Test1234.
user444,Test1234.
user445,Test1234.
user446,Test1234.
user447,Test1234.
user448,Test1234.
user449,Test1234.
user450,Test1234.
user451,Test1234.
user452,Test1234.
user453,Test1234.
user454,Test1234.
user455,Test1234.
user456,Test1234.
user457,Test1234.
user458,Test1234.
user459,Test1234.
user460,Test1234.
user461,Test1234.
user462,Test1234.
user463,Test1234.
user464,Test1234.
user465,Test1234.
user466,Test1234.
user467,Test1234.
user468,Test1234.
user469,Test1234.
user470,Test1234.
user471,Test1234.
user472,Test1234.
user473,Test1234.
user474,Test1234.
user475,Test1234.
user476,Test1234.
user477,Test1234.
user478,Test1234.
user479,Test1234.
user480,Test1234.
user481,Test1234.
user482,Test1234.
user483,Test1234.
user484,Test1234.
user485,Test1234.
user486,Test1234.
user487,Test1234.
user488,Test1234.
user489,Test1234.
user490,Test1234.
user491,Test1234.
user492,Test1234.
user493,Test1234.
user494,Test1234.
user495,Test1234.
user496,Test1234.
user497,Test1234.
user498,Test1234.
user499,Test1234.
user500,Test1234.
user501,Test1234.
user502,Test1234.
user503,Test1234.
user504,Test1234.
user505,Test1234.
user506,Test1234.
user507,Test1234.
user508,Test1234.
user509,Test1234.
user510,Test1234.
user511,Test1234.
user512,Test1234.
user513,Test1234.
user514,Test1234.
user515,Test1234.
user516,Test1234.
user517,Test1234.
user518,Test1234.
user519,Test1234.
user520,Test1234.
user521,Test1234.
user522,Test1234.
user523,Test1234.
user524,Test1234.
user525,Test1234.
user526,Test1234.
user527,Test1234.
user528,Test1234.
user529,Test1234.
user530,Test1234.
user531,Test1234.
user532,Test1234.
user533,Test1234.
user534,Test1234.
user535,Test1234.
user536,Test1234.
user537,Test1234.
user538,Test1234.
user539,Test1234.
user540,Test1234.
user541,Test1234.
user542,Test1234.
user543,Test1234.
user544,Test1234.
user545,Test1234.
user546,Test1234.
user547,Test1234.
user548,Test1234.
user549,Test1234.
user550,Test1234.
user551,Test1234.
user552,Test1234.
user553,Test1234.
user554,Test1234.
user555,Test1234.
user556,Test1234.
user557,Test1234.
user558,Test1234.
user559,Test1234.
user560,Test1234.
user561,Test1234.
user562,Test1234.
user563,Test1234.
user564,Test1234.
user565,Test1234.
user566,Test1234.
user567,Test1234.
user568,Test1234.
user569,Test1234.
user570,Test1234.
user571,Test1234.
user572,Test1234.
user573,Test1234.
user574,Test1234.
user575,Test1234.
user576,Test1234.
user577,Test1234.
user578,Test1234.
user579,Test1234.
user580,Test1234.
user581,Test1234.
user582,Test1234.
user583,Test1234.
user584,Test1234.
user585,Test1234.
user586,Test1234.
user587,Test1234.
user588,Test1234.
user589,Test1234.
user590,Test1234.
user591,Test1234.
user592,Test1234.
user593,Test1234.
user594,Test1234.
user595,Test1234.
user596,Test1234.
user597,Test1234.
user598,Test1234.
user599,Test1234.
user600,Test1234.
user601,Test1234.
user602,Test1234.
user603,Test1234.
user604,Test1234.
user605,Test1234.
user606,Test1234.
user607,Test1234.
user608,Test1234.
user609,Test1234.
user610,Test1234.
user611,Test1234.
user612,Test1234.
user613,Test1234.
user614,Test1234.
user615,Test1234.
user616,Test1234.
user617,Test1234.
user618,Test1234.
user619,Test1234.
user620,Test1234.
user621,Test1234.
user622,Test1234.
user623,Test1234.
user624,Test1234.
user625,Test1234.
user626,Test1234.
user627,Test1234.
user628,Test1234.
user629,Test1234.
user630,Test1234.
user631,Test1234.
user632,Test1234.
user633,Test1234.
user634,Test1234.
user635,Test1234.
user636,Test1234.
user637,Test1234.
user638,Test1234.
user639,Test1234.
user640,Test1234.
user641,Test1234.
user642,Test1234.
user643,Test1234.
user644,Test1234.
user645,Test1234.
user646,Test1234.
user647,Test1234.
user648,Test1234.
user649,Test1234.
user650,Test1234.
user651,Test1234.
user652,Test1234.
user653,Test1234.
user654,Test1234.
user655,Test1234.
user656,Test1234.
user657,Test1234.
user658,Test1234.
user659,Test1234.
user660,Test1234.
user661,Test1234.
user662,Test1234.
user663,Test1234.
user664,Test1234.
user665,Test1234.
user666,Test1234.
user667,Test1234.
user668,Test1234.
user669,Test1234.
user670,Test1234.
user671,Test1234.
user672,Test1234.
user673,Test1234.
user674,Test1234.
user675,Test1234.
user676,Test1234.
user677,Test1234.
user678,Test1234.
user679,Test1234.
user680,Test1234.
user681,Test1234.
user682,Test1234.
user683,Test1234.
user684,Test1234.
user685,Test1234.
user686,Test1234.
user687,Test1234.
user688,Test1234.
user689,Test1234.
user690,Test1234.
user691,Test1234.
user692,Test1234.
user693,Test1234.
user694,Test1234.
user695,Test1234.
user696,Test1234.
user697,Test1234.
user698,Test1234.
user699,Test1234.
user700,Test1234.
user701,Test1234.
user702,Test1234.
user703,Test1234.
user704,Test1234.
user705,Test1234.
user706,Test1234.
user707,Test1234.
user708,Test1234.
user709,Test1234.
user710,Test1234.
user711,Test1234.
user712,Test1234.
user713,Test1234.
user714,Test1234.
user715,Test1234.
user716,Test1234.
user717,Test1234.
user718,Test1234.
user719,Test1234.
user720,Test1234.
user721,Test1234.
user722,Test1234.
user723,Test1234.
user724,Test1234.
user725,Test1234.
user726,Test1234.
user727,Test1234.
user728,Test1234.
user729,Test1234.
user730,Test1234.
user731,Test1234.
user732,Test1234.
user733,Test1234.
user734,Test1234.
user735,Test1234.
user736,Test1234.
user737,Test1234.
user738,Test1234.
user739,Test1234.
user740,Test1234.
user741,Test1234.
user742,Test1234.
user743,Test1234.
user744,Test1234.
user745,Test1234.
user746,Test1234.
user747,Test1234.
user748,Test1234.
user749,Test1234.
user750,Test1234.
user751,Test1234.
user752,Test1234.
user753,Test1234.
user754,Test1234.
user755,Test1234.
user756,Test1234.
user757,Test1234.
user758,Test1234.
user759,Test1234.
user760,Test1234.
user761,Test1234.
user762,Test1234.
user763,Test1234.
user764,Test1234.
user765,Test1234.
user766,Test1234.
user767,Test1234.
user768,Test1234.
user769,Test1234.
user770,Test1234.
user771,Test1234.
user772,Test1234.
user773,Test1234.
user774,Test1234.
user775,Test1234.
user776,Test1234.
user777,Test1234.
user778,Test1234.
user779,Test1234.
user780,Test1234.
user781,Test1234.
user782,Test1234.
user783,Test1234.
user784,Test1234.
user785,Test1234.
user786,Test1234.
user787,Test1234.
user788,Test1234.
user789,Test1234.
user790,Test1234.
user791,Test1234.
user792,Test1234.
user793,Test1234.
user794,Test1234.
user795,Test1234.
user796,Test1234.
user797,Test1234.
user798,Test1234.
user799,Test1234.
user800,Test1234.
user801,Test1234.
user802,Test1234.
user803,Test1234.
user804,Test1234.
user805,Test1234.
user806,Test1234.
user807,Test1234.
user808,Test1234.
user809,Test1234.
user810,Test1234.
user811,Test1234.
user812,Test1234.
user813,Test1234.
user814,Test1234.
user815,Test1234.
user816,Test1234.
user817,Test1234.
user818,Test1234.
user819,Test1234.
user820,Test1234.
user821,Test1234.
user822,Test1234.
user823,Test1234.
user824,Test1234.
user825,Test1234.
user826,Test1234.
user827,Test1234.
user828,Test1234.
user829,Test1234.
user830,Test1234.
user831,Test1234.
user832,Test1234.
user833,Test1234.
user834,Test1234.
user835,Test1234.
user836,Test1234.
user837,Test1234.
user838,Test1234.
user839,Test1234.
user840,Test1234.
user841,Test1234.
user842,Test1234.
user843,Test1234.
user844,Test1234.
user845,Test1234.
user846,Test1234.
user847,Test1234.
user848,Test1234.
user849,Test1234.
user850,Test1234.
user851,Test1234.
user852,Test1234.
user853,Test1234.
user854,Test1234.
user855,Test1234.
user856,Test1234.
user857,Test1234.
user858,Test1234.
user859,Test1234.
user860,Test1234.
user861,Test1234.
user862,Test1234.
user863,Test1234.
user864,Test1234.
user865,Test1234.
user866,Test1234.
user867,Test1234.
user868,Test1234.
user869,Test1234.
user870,Test1234.
user871,Test1234.
user872,Test1234.
user873,Test1234.
user874,Test1234.
user875,Test1234.
user876,Test1234.
user877,Test1234.
user878,Test1234.
user879,Test1234.
user880,Test1234.
user881,Test1234.
user882,Test1234.
user883,Test1234.
user884,Test1234.
user885,Test1234.
user886,Test1234.
user887,Test1234.
user888,Test1234.
user889,Test1234.
user890,Test1234.
user891,Test1234.
user892,Test1234.
user893,Test1234.
user894,Test1234.
user895,Test1234.
user896,Test1234.
user897,Test1234.
user898,Test1234.
user899,Test1234.
user900,Test1234.
user901,Test1234.
user902,Test1234.
user903,Test1234.
user904,Test1234.
user905,Test1234.
user906,Test1234.
user907,Test1234.
user908,Test1234.
user909,Test1234.
user910,Test1234.
user911,Test1234.
user912,Test1234.
user913,Test1234.
user914,Test1234.
user915,Test1234.
user916,Test1234.
user917,Test1234.
user918,Test1234.
user919,Test1234.
user920,Test1234.
user921,Test1234.
user922,Test1234.
user923,Test1234.
user924,Test1234.
user925,Test1234.
user926,Test1234.
user927,Test1234.
user928,Test1234.
user929,Test1234.
user930,Test1234.
user931,Test1234.
user932,Test1234.
user933,Test1234.
user934,Test1234.
user935,Test1234.
user936,Test1234.
user937,Test1234.
user938,Test1234.
user939,Test1234.
user940,Test1234.
user941,Test1234.
user942,Test1234.
user943,Test1234.
user944,Test1234.
user945,Test1234.
user946,Test1234.
user947,Test1234.
user948,Test1234.
user949,Test1234.
user950,Test1234.
user951,Test1234.
user952,Test1234.
user953,Test1234.
user954,Test1234.
user955,Test1234.
user956,Test1234.
user957,Test1234.
user958,Test1234.
user959,Test1234.
user960,Test1234.
user961,Test1234.
user962,Test1234.
user963,Test1234.
user964,Test1234.
user965,Test1234.
user966,Test1234.
user967,Test1234.
user968,Test1234.
user969,Test1234.
user970,Test1234.
user971,Test1234.
user972,Test1234.
user973,Test1234.
user974,Test1234.
user975,Test1234.
user976,Test1234.
user977,Test1234.
user978,Test1234.
user979,Test1234.
user980,Test1234.
user981,Test1234.
user982,Test1234.
user983,Test1234.
user984,Test1234.
user985,Test1234.
user986,Test1234.
user987,Test1234.
user988,Test1234.
user989,Test1234.
user990,Test1234.
user991,Test1234.
user992,Test1234.
user993,Test1234.
user994,Test1234.
user995,Test1234.
user996,Test1234.
user997,Test1234.
user998,Test1234.
user999,Test1234.
user1000,Test1234.
user1001,Test1234.
user1002,Test1234.
user1003,Test1234.
user1004,Test1234.
user1005,Test1234.
user1006,Test1234.
user1007,Test1234.
user1008,Test1234.
user1009,Test1234.
user1010,Test1234.
user1011,Test1234.
user1012,Test1234.
user1013,Test1234.
user1014,Test1234.
user1015,Test1234.
user1016,Test1234.
user1017,Test1234.
user1018,Test1234.
user1019,Test1234.
user1020,Test1234.
user1021,Test1234.
user1022,Test1234.
user1023,Test1234.
user1024,Test1234.
user1025,Test1234.
user1026,Test1234.
user1027,Test1234.
user1028,Test1234.
user1029,Test1234.
user1030,Test1234.
user1031,Test1234.
user1032,Test1234.
user1033,Test1234.
user1034,Test1234.
user1035,Test1234.
user1036,Test1234.
user1037,Test1234.
user1038,Test1234.
user1039,Test1234.
user1040,Test1234.
user1041,Test1234.
user1042,Test1234.
user1043,Test1234.
user1044,Test1234.
user1045,Test1234.
user1046,Test1234.
user1047,Test1234.
user1048,Test1234.
user1049,Test1234.
user1050,Test1234.
user1051,Test1234.
user1052,Test1234.
user1053,Test1234.
user1054,Test1234.
user1055,Test1234.
user1056,Test1234.
user1057,Test1234.
user1058,Test1234.
user1059,Test1234.
user1060,Test1234.
user1061,Test1234.
user1062,Test1234.
user1063,Test1234.
user1064,Test1234.
user1065,Test1234.
user1066,Test1234.
user1067,Test1234.
user1068,Test1234.
user1069,Test1234.
user1070,Test1234.
user1071,Test1234.
user1072,Test1234.
user1073,Test1234.
user1074,Test1234.
user1075,Test1234.
user1076,Test1234.
user1077,Test1234.
user1078,Test1234.
user1079,Test1234.
user1080,Test1234.
user1081,Test1234.
user1082,Test1234.
user1083,Test1234.
user1084,Test1234.
user1085,Test1234.
user1086,Test1234.
user1087,Test1234.
user1088,Test1234.
user1089,Test1234.
user1090,Test1234.
user1091,Test1234.
user1092,Test1234.
user1093,Test1234.
user1094,Test1234.
user1095,Test1234.
user1096,Test1234.
user1097,Test1234.
user1098,Test1234.
user1099,Test1234.
user1100,Test1234.
user1101,Test1234.
user1102,Test1234.
user1103,Test1234.
user1104,Test1234.
user1105,Test1234.
user1106,Test1234.
user1107,Test1234.
user1108,Test1234.
user1109,Test1234.
user1110,Test1234.
user1111,Test1234.
user1112,Test1234.
user1113,Test1234.
user1114,Test1234.
user1115,Test1234.
user1116,Test1234.
user1117,Test1234.
user1118,Test1234.
user1119,Test1234.
user1120,Test1234.
user1121,Test1234.
user1122,Test1234.
user1123,Test1234.
user1124,Test1234.
user1125,Test1234.
user1126,Test1234.
user1127,Test1234.
user1128,Test1234.
user1129,Test1234.
user1130,Test1234.
user1131,Test1234.
user1132,Test1234.
user1133,Test1234.
user1134,Test1234.
user1135,Test1234.
user1136,Test1234.
user1137,Test1234.
user1138,Test1234.
user1139,Test1234.
user1140,Test1234.
user1141,Test1234.
user1142,Test1234.
user1143,Test1234.
user1144,Test1234.
user1145,Test1234.
user1146,Test1234.
user1147,Test1234.
user1148,Test1234.
user1149,Test1234.
user1150,Test1234.
user1151,Test1234.
user1152,Test1234.
user1153,Test1234.
user1154,Test1234.
user1155,Test1234.
user1156,Test1234.
user1157,Test1234.
user1158,Test1234.
user1159,Test1234.
user1160,Test1234.
user1161,Test1234.
user1162,Test1234.
user1163,Test1234.
user1164,Test1234.
user1165,Test1234.
user1166,Test1234.
user1167,Test1234.
user1168,Test1234.
user1169,Test1234.
user1170,Test1234.
user1171,Test1234.
user1172,Test1234.
user1173,Test1234.
user1174,Test1234.
user1175,Test1234.
user1176,Test1234.
user1177,Test1234.
user1178,Test1234.
user1179,Test1234.
user1180,Test1234.
user1181,Test1234.
user1182,Test1234.
user1183,Test1234.
user1184,Test1234.
user1185,Test1234.
user1186,Test1234.
user1187,Test1234.
user1188,Test1234.
user1189,Test1234.
user1190,Test1234.
user1191,Test1234.
user1192,Test1234.
user1193,Test1234.
user1194,Test1234.
user1195,Test1234.
user1196,Test1234.
user1197,Test1234.
user1198,Test1234.
user1199,Test1234.
user1200,Test1234.
user1201,Test1234.
user1202,Test1234.
user1203,Test1234.
user1204,Test1234.
user1205,Test1234.
user1206,Test1234.
user1207,Test1234.
user1208,Test1234.
user1209,Test1234.
user1210,Test1234.
user1211,Test1234.
user1212,Test1234.
user1213,Test1234.
user1214,Test1234.
user1215,Test1234.
user1216,Test1234.
user1217,Test1234.
user1218,Test1234.
user1219,Test1234.
user1220,Test1234.
user1221,Test1234.
user1222,Test1234.
user1223,Test1234.
user1224,Test1234.
user1225,Test1234.
user1226,Test1234.
user1227,Test1234.
user1228,Test1234.
user1229,Test1234.
user1230,Test1234.
user1231,Test1234.
user1232,Test1234.
user1233,Test1234.
user1234,Test1234.
user1235,Test1234.
user1236,Test1234.
user1237,Test1234.
user1238,Test1234.
user1239,Test1234.
user1240,Test1234.
user1241,Test1234.
user1242,Test1234.
user1243,Test1234.
user1244,Test1234.
user1245,Test1234.
user1246,Test1234.
user1247,Test1234.
user1248,Test1234.
user1249,Test1234.
user1250,Test1234.
user1251,Test1234.
user1252,Test1234.
user1253,Test1234.
user1254,Test1234.
user1255,Test1234.
user1256,Test1234.
user1257,Test1234.
user1258,Test1234.
user1259,Test1234.
user1260,Test1234.
user1261,Test1234.
user1262,Test1234.
user1263,Test1234.
user1264,Test1234.
user1265,Test1234.
user1266,Test1234.
user1267,Test1234.
user1268,Test1234.
user1269,Test1234.
user1270,Test1234.
user1271,Test1234.
user1272,Test1234.
user1273,Test1234.
user1274,Test1234.
user1275,Test1234.
user1276,Test1234.
user1277,Test1234.
user1278,Test1234.
user1279,Test1234.
user1280,Test1234.
user1281,Test1234.
user1282,Test1234.
user1283,Test1234.
user1284,Test1234.
user1285,Test1234.
user1286,Test1234.
user1287,Test1234.
user1288,Test1234.
user1289,Test1234.
user1290,Test1234.
user1291,Test1234.
user1292,Test1234.
user1293,Test1234.
user1294,Test1234.
user1295,Test1234.
user1296,Test1234.
user1297,Test1234.
user1298,Test1234.
user1299,Test1234.
user1300,Test1234.
user1301,Test1234.
user1302,Test1234.
user1303,Test1234.
user1304,Test1234.
user1305,Test1234.
user1306,Test1234.
user1307,Test1234.
user1308,Test1234.
user1309,Test1234.
user1310,Test1234.
user1311,Test1234.
user1312,Test1234.
user1313,Test1234.
user1314,Test1234.
user1315,Test1234.
user1316,Test1234.
user1317,Test1234.
user1318,Test1234.
user1319,Test1234.
user1320,Test1234.
user1321,Test1234.
user1322,Test1234.
user1323,Test1234.
user1324,Test1234.
user1325,Test1234.
user1326,Test1234.
user1327,Test1234.
user1328,Test1234.
user1329,Test1234.
user1330,Test1234.
user1331,Test1234.
user1332,Test1234.
user1333,Test1234.
user1334,Test1234.
user1335,Test1234.
user1336,Test1234.
user1337,Test1234.
user1338,Test1234.
user1339,Test1234.
user1340,Test1234.
user1341,Test1234.
user1342,Test1234.
user1343,Test1234.
user1344,Test1234.
user1345,Test1234.
user1346,Test1234.
user1347,Test1234.
user1348,Test1234.
user1349,Test1234.
user1350,Test1234.
user1351,Test1234.
user1352,Test1234.
user1353,Test1234.
user1354,Test1234.
user1355,Test1234.
user1356,Test1234.
user1357,Test1234.
user1358,Test1234.
user1359,Test1234.
user1360,Test1234.
user1361,Test1234.
user1362,Test1234.
user1363,Test1234.
user1364,Test1234.
user1365,Test1234.
user1366,Test1234.
user1367,Test1234.
user1368,Test1234.
user1369,Test1234.
user1370,Test1234.
user1371,Test1234.
user1372,Test1234.
user1373,Test1234.
user1374,Test1234.
user1375,Test1234.
user1376,Test1234.
user1377,Test1234.
user1378,Test1234.
user1379,Test1234.
user1380,Test1234.
user1381,Test1234.
user1382,Test1234.
user1383,Test1234.
user1384,Test1234.
user1385,Test1234.
user1386,Test1234.
user1387,Test1234.
user1388,Test1234.
user1389,Test1234.
user1390,Test1234.
user1391,Test1234.
user1392,Test1234.
user1393,Test1234.
user1394,Test1234.
user1395,Test1234.
user1396,Test1234.
user1397,Test1234.
user1398,Test1234.
user1399,Test1234.
user1400,Test1234.
user1401,Test1234.
user1402,Test1234.
user1403,Test1234.
user1404,Test1234.
user1405,Test1234.
user1406,Test1234.
user1407,Test1234.
user1408,Test1234.
user1409,Test1234.
user1410,Test1234.
user1411,Test1234.
user1412,Test1234.
user1413,Test1234.
user1414,Test1234.
user1415,Test1234.
user1416,Test1234.
user1417,Test1234.
user1418,Test1234.
user1419,Test1234.
user1420,Test1234.
user1421,Test1234.
user1422,Test1234.
user1423,Test1234.
user1424,Test1234.
user1425,Test1234.
user1426,Test1234.
user1427,Test1234.
user1428,Test1234.
user1429,Test1234.
user1430,Test1234.
user1431,Test1234.
user1432,Test1234.
user1433,Test1234.
user1434,Test1234.
user1435,Test1234.
user1436,Test1234.
user1437,Test1234.
user1438,Test1234.
user1439,Test1234.
user1440,Test1234.
user1441,Test1234.
user1442,Test1234.
user1443,Test1234.
user1444,Test1234.
user1445,Test1234.
user1446,Test1234.
user1447,Test1234.
user1448,Test1234.
user1449,Test1234.
user1450,Test1234.
user1451,Test1234.
user1452,Test1234.
user1453,Test1234.
user1454,Test1234.
user1455,Test1234.
user1456,Test1234.
user1457,Test1234.
user1458,Test1234.
user1459,Test1234.
user1460,Test1234.
user1461,Test1234.
user1462,Test1234.
user1463,Test1234.
user1464,Test1234.
user1465,Test1234.
user1466,Test1234.
user1467,Test1234.
user1468,Test1234.
user1469,Test1234.
user1470,Test1234.
user1471,Test1234.
user1472,Test1234.
user1473,Test1234.
user1474,Test1234.
user1475,Test1234.
user1476,Test1234.
user1477,Test1234.
user1478,Test1234.
user1479,Test1234.
user1480,Test1234.
user1481,Test1234.
user1482,Test1234.
user1483,Test1234.
user1484,Test1234.
user1485,Test1234.
user1486,Test1234.
user1487,Test1234.
user1488,Test1234.
user1489,Test1234.
user1490,Test1234.
user1491,Test1234.
user1492,Test1234.
user1493,Test1234.
user1494,Test1234.
user1495,Test1234.
user1496,Test1234.
user1497,Test1234.
user1498,Test1234.
user1499,Test1234.
user1500,Test1234.
user1501,Test1234.
user1502,Test1234.
user1503,Test1234.
user1504,Test1234.
user1505,Test1234.
user1506,Test1234.
user1507,Test1234.
user1508,Test1234.
user1509,Test1234.
user1510,Test1234.
user1511,Test1234.
user1512,Test1234.
user1513,Test1234.
user1514,Test1234.
user1515,Test1234.
user1516,Test1234.
user1517,Test1234.
user1518,Test1234.
user1519,Test1234.
user1520,Test1234.
user1521,Test1234.
user1522,Test1234.
user1523,Test1234.
user1524,Test1234.
user1525,Test1234.
user1526,Test1234.
user1527,Test1234.
user1528,Test1234.
user1529,Test1234.
user1530,Test1234.
user1531,Test1234.
user1532,Test1234.
user1533,Test1234.
user1534,Test1234.
user1535,Test1234.
user1536,Test1234.
user1537,Test1234.
user1538,Test1234.
user1539,Test1234.
user1540,Test1234.
user1541,Test1234.
user1542,Test1234.
user1543,Test1234.
user1544,Test1234.
user1545,Test1234.
user1546,Test1234.
user1547,Test1234.
user1548,Test1234.
user1549,Test1234.
user1550,Test1234.
user1551,Test1234.
user1552,Test1234.
user1553,Test1234.
user1554,Test1234.
user1555,Test1234.
user1556,Test1234.
user1557,Test1234.
user1558,Test1234.
user1559,Test1234.
user1560,Test1234.
user1561,Test1234.
user1562,Test1234.
user1563,Test1234.
user1564,Test1234.
user1565,Test1234.
user1566,Test1234.
user1567,Test1234.
user1568,Test1234.
user1569,Test1234.
user1570,Test1234.
user1571,Test1234.
user1572,Test1234.
user1573,Test1234.
user1574,Test1234.
user1575,Test1234.
user1576,Test1234.
user1577,Test1234.
user1578,Test1234.
user1579,Test1234.
user1580,Test1234.
user1581,Test1234.
user1582,Test1234.
user1583,Test1234.
user1584,Test1234.
user1585,Test1234.
user1586,Test1234.
user1587,Test1234.
user1588,Test1234.
user1589,Test1234.
user1590,Test1234.
user1591,Test1234.
user1592,Test1234.
user1593,Test1234.
user1594,Test1234.
user1595,Test1234.
user1596,Test1234.
user1597,Test1234.
user1598,Test1234.
user1599,Test1234.
user1600,Test1234.
user1601,Test1234.
user1602,Test1234.
user1603,Test1234.
user1604,Test1234.
user1605,Test1234.
user1606,Test1234.
user1607,Test1234.
user1608,Test1234.
user1609,Test1234.
user1610,Test1234.
user1611,Test1234.
user1612,Test1234.
user1613,Test1234.
user1614,Test1234.
user1615,Test1234.
user1616,Test1234.
user1617,Test1234.
user1618,Test1234.
user1619,Test1234.
user1620,Test1234.
user1621,Test1234.
user1622,Test1234.
user1623,Test1234.
user1624,Test1234.
user1625,Test1234.
user1626,Test1234.
user1627,Test1234.
user1628,Test1234.
user1629,Test1234.
user1630,Test1234.
user1631,Test1234.
user1632,Test1234.
user1633,Test1234.
user1634,Test1234.
user1635,Test1234.
user1636,Test1234.
user1637,Test1234.
user1638,Test1234.
user1639,Test1234.
user1640,Test1234.
user1641,Test1234.
user1642,Test1234.
user1643,Test1234.
user1644,Test1234.
user1645,Test1234.
user1646,Test1234.
user1647,Test1234.
user1648,Test1234.
user1649,Test1234.
user1650,Test1234.
user1651,Test1234.
user1652,Test1234.
user1653,Test1234.
user1654,Test1234.
user1655,Test1234.
user1656,Test1234.
user1657,Test1234.
user1658,Test1234.
user1659,Test1234.
user1660,Test1234.
user1661,Test1234.
user1662,Test1234.
user1663,Test1234.
user1664,Test1234.
user1665,Test1234.
user1666,Test1234.
user1667,Test1234.
user1668,Test1234.
user1669,Test1234.
user1670,Test1234.
user1671,Test1234.
user1672,Test1234.
user1673,Test1234.
user1674,Test1234.
user1675,Test1234.
user1676,Test1234.
user1677,Test1234.
user1678,Test1234.
user1679,Test1234.
user1680,Test1234.
user1681,Test1234.
user1682,Test1234.
user1683,Test1234.
user1684,Test1234.
user1685,Test1234.
user1686,Test1234.
user1687,Test1234.
user1688,Test1234.
user1689,Test1234.
user1690,Test1234.
user1691,Test1234.
user1692,Test1234.
user1693,Test1234.
user1694,Test1234.
user1695,Test1234.
user1696,Test1234.
user1697,Test1234.
user1698,Test1234.
user1699,Test1234.
user1700,Test1234.
user1701,Test1234.
user1702,Test1234.
user1703,Test1234.
user1704,Test1234.
user1705,Test1234.
user1706,Test1234.
user1707,Test1234.
user1708,Test1234.
user1709,Test1234.
user1710,Test1234.
user1711,Test1234.
user1712,Test1234.
user1713,Test1234.
user1714,Test1234.
user1715,Test1234.
user1716,Test1234.
user1717,Test1234.
user1718,Test1234.
user1719,Test1234.
user1720,Test1234.
user1721,Test1234.
user1722,Test1234.
user1723,Test1234.
user1724,Test1234.
user1725,Test1234.
user1726,Test1234.
user1727,Test1234.
user1728,Test1234.
user1729,Test1234.
user1730,Test1234.
user1731,Test1234.
user1732,Test1234.
user1733,Test1234.
user1734,Test1234.
user1735,Test1234.
user1736,Test1234.
user1737,Test1234.
user1738,Test1234.
user1739,Test1234.
user1740,Test1234.
user1741,Test1234.
user1742,Test1234.
user1743,Test1234.
user1744,Test1234.
user1745,Test1234.
user1746,Test1234.
user1747,Test1234.
user1748,Test1234.
user1749,Test1234.
user1750,Test1234.
user1751,Test1234.
user1752,Test1234.
user1753,Test1234.
user1754,Test1234.
user1755,Test1234.
user1756,Test1234.
user1757,Test1234.
user1758,Test1234.
user1759,Test1234.
user1760,Test1234.
user1761,Test1234.
user1762,Test1234.
user1763,Test1234.
user1764,Test1234.
user1765,Test1234.
user1766,Test1234.
user1767,Test1234.
user1768,Test1234.
user1769,Test1234.
user1770,Test1234.
user1771,Test1234.
user1772,Test1234.
user1773,Test1234.
user1774,Test1234.
user1775,Test1234.
user1776,Test1234.
user1777,Test1234.
user1778,Test1234.
user1779,Test1234.
user1780,Test1234.
user1781,Test1234.
user1782,Test1234.
user1783,Test1234.
user1784,Test1234.
user1785,Test1234.
user1786,Test1234.
user1787,Test1234.
user1788,Test1234.
user1789,Test1234.
user1790,Test1234.
user1791,Test1234.
user1792,Test1234.
user1793,Test1234.
user1794,Test1234.
user1795,Test1234.
user1796,Test1234.
user1797,Test1234.
user1798,Test1234.
user1799,Test1234.
user1800,Test1234.
user1801,Test1234.
user1802,Test1234.
user1803,Test1234.
user1804,Test1234.
user1805,Test1234.
user1806,Test1234.
user1807,Test1234.
user1808,Test1234.
user1809,Test1234.
user1810,Test1234.
user1811,Test1234.
user1812,Test1234.
user1813,Test1234.
user1814,Test1234.
user1815,Test1234.
user1816,Test1234.
user1817,Test1234.
user1818,Test1234.
user1819,Test1234.
user1820,Test1234.
user1821,Test1234.
user1822,Test1234.
user1823,Test1234.
user1824,Test1234.
user1825,Test1234.
user1826,Test1234.
user1827,Test1234.
user1828,Test1234.
user1829,Test1234.
user1830,Test1234.
user1831,Test1234.
user1832,Test1234.
user1833,Test1234.
user1834,Test1234.
user1835,Test1234.
user1836,Test1234.
user1837,Test1234.
user1838,Test1234.
user1839,Test1234.
user1840,Test1234.
user1841,Test1234.
user1842,Test1234.
user1843,Test1234.
user1844,Test1234.
user1845,Test1234.
user1846,Test1234.
user1847,Test1234.
user1848,Test1234.
user1849,Test1234.
user1850,Test1234.
user1851,Test1234.
user1852,Test1234.
user1853,Test1234.
user1854,Test1234.
user1855,Test1234.
user1856,Test1234.
user1857,Test1234.
user1858,Test1234.
user1859,Test1234.
user1860,Test1234.
user1861,Test1234.
user1862,Test1234.
user1863,Test1234.
user1864,Test1234.
user1865,Test1234.
user1866,Test1234.
user1867,Test1234.
user1868,Test1234.
user1869,Test1234.
user1870,Test1234.
user1871,Test1234.
user1872,Test1234.
user1873,Test1234.
user1874,Test1234.
user1875,Test1234.
user1876,Test1234.
user1877,Test1234.
user1878,Test1234.
user1879,Test1234.
user1880,Test1234.
user1881,Test1234.
user1882,Test1234.
user1883,Test1234.
user1884,Test1234.
user1885,Test1234.
user1886,Test1234.
user1887,Test1234.
user1888,Test1234.
user1889,Test1234.
user1890,Test1234.
user1891,Test1234.
user1892,Test1234.
user1893,Test1234.
user1894,Test1234.
user1895,Test1234.
user1896,Test1234.
user1897,Test1234.
user1898,Test1234.
user1899,Test1234.
user1900,Test1234.
user1901,Test1234.
user1902,Test1234.
user1903,Test1234.
user1904,Test1234.
user1905,Test1234.
user1906,Test1234.
user1907,Test1234.
user1908,Test1234.
user1909,Test1234.
user1910,Test1234.
user1911,Test1234.
user1912,Test1234.
user1913,Test1234.
user1914,Test1234.
user1915,Test1234.
user1916,Test1234.
user1917,Test1234.
user1918,Test1234.
user1919,Test1234.
user1920,Test1234.
user1921,Test1234.
user1922,Test1234.
user1923,Test1234.
user1924,Test1234.
user1925,Test1234.
user1926,Test1234.
user1927,Test1234.
user1928,Test1234.
user1929,Test1234.
user1930,Test1234.
user1931,Test1234.
user1932,Test1234.
user1933,Test1234.
user1934,Test1234.
user1935,Test1234.
user1936,Test1234.
user1937,Test1234.
user1938,Test1234.
user1939,Test1234.
user1940,Test1234.
user1941,Test1234.
user1942,Test1234.
user1943,Test1234.
user1944,Test1234.
user1945,Test1234.
user1946,Test1234.
user1947,Test1234.
user1948,Test1234.
user1949,Test1234.
user1950,Test1234.
user1951,Test1234.
user1952,Test1234.
user1953,Test1234.
user1954,Test1234.
user1955,Test1234.
user1956,Test1234.
user1957,Test1234.
user1958,Test1234.
user1959,Test1234.
user1960,Test1234.
user1961,Test1234.
user1962,Test1234.
user1963,Test1234.
user1964,Test1234.
user1965,Test1234.
user1966,Test1234.
user1967,Test1234.
user1968,Test1234.
user1969,Test1234.
user1970,Test1234.
user1971,Test1234.
user1972,Test1234.
user1973,Test1234.
user1974,Test1234.
user1975,Test1234.
user1976,Test1234.
user1977,Test1234.
user1978,Test1234.
user1979,Test1234.
user1980,Test1234.
user1981,Test1234.
user1982,Test1234.
user1983,Test1234.
user1984,Test1234.
user1985,Test1234.
user1986,Test1234.
user1987,Test1234.
user1988,Test1234.
user1989,Test1234.
user1990,Test1234.
user1991,Test1234.
user1992,Test1234.
user1993,Test1234.
user1994,Test1234.
user1995,Test1234.
user1996,Test1234.
user1997,Test1234.
user1998,Test1234.
user1999,Test1234.
user2000,Test1234.
user2001,Test1234.
user2002,Test1234.
user2003,Test1234.
user2004,Test1234.
user2005,Test1234.
user2006,Test1234.
user2007,Test1234.
user2008,Test1234.
user2009,Test1234.
user2010,Test1234.
user2011,Test1234.
user2012,Test1234.
user2013,Test1234.
user2014,Test1234.
user2015,Test1234.
user2016,Test1234.
user2017,Test1234.
user2018,Test1234.
user2019,Test1234.
user2020,Test1234.
user2021,Test1234.
user2022,Test1234.
user2023,Test1234.
user2024,Test1234.
user2025,Test1234.
user2026,Test1234.
user2027,Test1234.
user2028,Test1234.
user2029,Test1234.
user2030,Test1234.
user2031,Test1234.
user2032,Test1234.
user2033,Test1234.
user2034,Test1234.
user2035,Test1234.
user2036,Test1234.
user2037,Test1234.
user2038,Test1234.
user2039,Test1234.
user2040,Test1234.
user2041,Test1234.
user2042,Test1234.
user2043,Test1234.
user2044,Test1234.
user2045,Test1234.
user2046,Test1234.
user2047,Test1234.
user2048,Test1234.
user2049,Test1234.
user2050,Test1234.
user2051,Test1234.
user2052,Test1234.
user2053,Test1234.
user2054,Test1234.
user2055,Test1234.
user2056,Test1234.
user2057,Test1234.
user2058,Test1234.
user2059,Test1234.
user2060,Test1234.
user2061,Test1234.
user2062,Test1234.
user2063,Test1234.
user2064,Test1234.
user2065,Test1234.
user2066,Test1234.
user2067,Test1234.
user2068,Test1234.
user2069,Test1234.
user2070,Test1234.
user2071,Test1234.
user2072,Test1234.
user2073,Test1234.
user2074,Test1234.
user2075,Test1234.
user2076,Test1234.
user2077,Test1234.
user2078,Test1234.
user2079,Test1234.
user2080,Test1234.
user2081,Test1234.
user2082,Test1234.
user2083,Test1234.
user2084,Test1234.
user2085,Test1234.
user2086,Test1234.
user2087,Test1234.
user2088,Test1234.
user2089,Test1234.
user2090,Test1234.
user2091,Test1234.
user2092,Test1234.
user2093,Test1234.
user2094,Test1234.
user2095,Test1234.
user2096,Test1234.
user2097,Test1234.
user2098,Test1234.
user2099,Test1234.
user2100,Test1234.
user2101,Test1234.
user2102,Test1234.
user2103,Test1234.
user2104,Test1234.
user2105,Test1234.
user2106,Test1234.
user2107,Test1234.
user2108,Test1234.
user2109,Test1234.
user2110,Test1234.
user2111,Test1234.
user2112,Test1234.
user2113,Test1234.
user2114,Test1234.
user2115,Test1234.
user2116,Test1234.
user2117,Test1234.
user2118,Test1234.
user2119,Test1234.
user2120,Test1234.
user2121,Test1234.
user2122,Test1234.
user2123,Test1234.
user2124,Test1234.
user2125,Test1234.
user2126,Test1234.
user2127,Test1234.
user2128,Test1234.
user2129,Test1234.
user2130,Test1234.
user2131,Test1234.
user2132,Test1234.
user2133,Test1234.
user2134,Test1234.
user2135,Test1234.
user2136,Test1234.
user2137,Test1234.
user2138,Test1234.
user2139,Test1234.
user2140,Test1234.
user2141,Test1234.
user2142,Test1234.
user2143,Test1234.
user2144,Test1234.
user2145,Test1234.
user2146,Test1234.
user2147,Test1234.
user2148,Test1234.
user2149,Test1234.
user2150,Test1234.
user2151,Test1234.
user2152,Test1234.
user2153,Test1234.
user2154,Test1234.
user2155,Test1234.
user2156,Test1234.
user2157,Test1234.
user2158,Test1234.
user2159,Test1234.
user2160,Test1234.
user2161,Test1234.
user2162,Test1234.
user2163,Test1234.
user2164,Test1234.
user2165,Test1234.
user2166,Test1234.
user2167,Test1234.
user2168,Test1234.
user2169,Test1234.
user2170,Test1234.
user2171,Test1234.
user2172,Test1234.
user2173,Test1234.
user2174,Test1234.
user2175,Test1234.
user2176,Test1234.
user2177,Test1234.
user2178,Test1234.
user2179,Test1234.
user2180,Test1234.
user2181,Test1234.
user2182,Test1234.
user2183,Test1234.
user2184,Test1234.
user2185,Test1234.
user2186,Test1234.
user2187,Test1234.
user2188,Test1234.
user2189,Test1234.
user2190,Test1234.
user2191,Test1234.
user2192,Test1234.
user2193,Test1234.
user2194,Test1234.
user2195,Test1234.
user2196,Test1234.
user2197,Test1234.
user2198,Test1234.
user2199,Test1234.
user2200,Test1234.
user2201,Test1234.
user2202,Test1234.
user2203,Test1234.
user2204,Test1234.
user2205,Test1234.
user2206,Test1234.
user2207,Test1234.
user2208,Test1234.
user2209,Test1234.
user2210,Test1234.
user2211,Test1234.
user2212,Test1234.
user2213,Test1234.
user2214,Test1234.
user2215,Test1234.
user2216,Test1234.
user2217,Test1234.
user2218,Test1234.
user2219,Test1234.
user2220,Test1234.
user2221,Test1234.
user2222,Test1234.
user2223,Test1234.
user2224,Test1234.
user2225,Test1234.
user2226,Test1234.
user2227,Test1234.
user2228,Test1234.
user2229,Test1234.
user2230,Test1234.
user2231,Test1234.
user2232,Test1234.
user2233,Test1234.
user2234,Test1234.
user2235,Test1234.
user2236,Test1234.
user2237,Test1234.
user2238,Test1234.
user2239,Test1234.
user2240,Test1234.
user2241,Test1234.
user2242,Test1234.
user2243,Test1234.
user2244,Test1234.
user2245,Test1234.
user2246,Test1234.
user2247,Test1234.
user2248,Test1234.
user2249,Test1234.
user2250,Test1234.
user2251,Test1234.
user2252,Test1234.
user2253,Test1234.
user2254,Test1234.
user2255,Test1234.
user2256,Test1234.
user2257,Test1234.
user2258,Test1234.
user2259,Test1234.
user2260,Test1234.
user2261,Test1234.
user2262,Test1234.
user2263,Test1234.
user2264,Test1234.
user2265,Test1234.
user2266,Test1234.
user2267,Test1234.
user2268,Test1234.
user2269,Test1234.
user2270,Test1234.
user2271,Test1234.
user2272,Test1234.
user2273,Test1234.
user2274,Test1234.
user2275,Test1234.
user2276,Test1234.
user2277,Test1234.
user2278,Test1234.
user2279,Test1234.
user2280,Test1234.
user2281,Test1234.
user2282,Test1234.
user2283,Test1234.
user2284,Test1234.
user2285,Test1234.
user2286,Test1234.
user2287,Test1234.
user2288,Test1234.
user2289,Test1234.
user2290,Test1234.
user2291,Test1234.
user2292,Test1234.
user2293,Test1234.
user2294,Test1234.
user2295,Test1234.
user2296,Test1234.
user2297,Test1234.
user2298,Test1234.
user2299,Test1234.
user2300,Test1234.
user2301,Test1234.
user2302,Test1234.
user2303,Test1234.
user2304,Test1234.
user2305,Test1234.
user2306,Test1234.
user2307,Test1234.
user2308,Test1234.
user2309,Test1234.
user2310,Test1234.
user2311,Test1234.
user2312,Test1234.
user2313,Test1234.
user2314,Test1234.
user2315,Test1234.
user2316,Test1234.
user2317,Test1234.
user2318,Test1234.
user2319,Test1234.
user2320,Test1234.
user2321,Test1234.
user2322,Test1234.
user2323,Test1234.
user2324,Test1234.
user2325,Test1234.
user2326,Test1234.
user2327,Test1234.
user2328,Test1234.
user2329,Test1234.
user2330,Test1234.
user2331,Test1234.
user2332,Test1234.
user2333,Test1234.
user2334,Test1234.
user2335,Test1234.
user2336,Test1234.
user2337,Test1234.
user2338,Test1234.
user2339,Test1234.
user2340,Test1234.
user2341,Test1234.
user2342,Test1234.
user2343,Test1234.
user2344,Test1234.
user2345,Test1234.
user2346,Test1234.
user2347,Test1234.
user2348,Test1234.
user2349,Test1234.
user2350,Test1234.
user2351,Test1234.
user2352,Test1234.
user2353,Test1234.
user2354,Test1234.
user2355,Test1234.
user2356,Test1234.
user2357,Test1234.
user2358,Test1234.
user2359,Test1234.
user2360,Test1234.
user2361,Test1234.
user2362,Test1234.
user2363,Test1234.
user2364,Test1234.
user2365,Test1234.
user2366,Test1234.
user2367,Test1234.
user2368,Test1234.
user2369,Test1234.
user2370,Test1234.
user2371,Test1234.
user2372,Test1234.
user2373,Test1234.
user2374,Test1234.
user2375,Test1234.
user2376,Test1234.
user2377,Test1234.
user2378,Test1234.
user2379,Test1234.
user2380,Test1234.
user2381,Test1234.
user2382,Test1234.
user2383,Test1234.
user2384,Test1234.
user2385,Test1234.
user2386,Test1234.
user2387,Test1234.
user2388,Test1234.
user2389,Test1234.
user2390,Test1234.
user2391,Test1234.
user2392,Test1234.
user2393,Test1234.
user2394,Test1234.
user2395,Test1234.
user2396,Test1234.
user2397,Test1234.
user2398,Test1234.
user2399,Test1234.
user2400,Test1234.
user2401,Test1234.
user2402,Test1234.
user2403,Test1234.
user2404,Test1234.
user2405,Test1234.
user2406,Test1234.
user2407,Test1234.
user2408,Test1234.
user2409,Test1234.
user2410,Test1234.
user2411,Test1234.
user2412,Test1234.
user2413,Test1234.
user2414,Test1234.
user2415,Test1234.
user2416,Test1234.
user2417,Test1234.
user2418,Test1234.
user2419,Test1234.
user2420,Test1234.
user2421,Test1234.
user2422,Test1234.
user2423,Test1234.
user2424,Test1234.
user2425,Test1234.
user2426,Test1234.
user2427,Test1234.
user2428,Test1234.
user2429,Test1234.
user2430,Test1234.
user2431,Test1234.
user2432,Test1234.
user2433,Test1234.
user2434,Test1234.
user2435,Test1234.
user2436,Test1234.
user2437,Test1234.
user2438,Test1234.
user2439,Test1234.
user2440,Test1234.
user2441,Test1234.
user2442,Test1234.
user2443,Test1234.
user2444,Test1234.
user2445,Test1234.
user2446,Test1234.
user2447,Test1234.
user2448,Test1234.
user2449,Test1234.
user2450,Test1234.
user2451,Test1234.
user2452,Test1234.
user2453,Test1234.
user2454,Test1234.
user2455,Test1234.
user2456,Test1234.
user2457,Test1234.
user2458,Test1234.
user2459,Test1234.
user2460,Test1234.
user2461,Test1234.
user2462,Test1234.
user2463,Test1234.
user2464,Test1234.
user2465,Test1234.
user2466,Test1234.
user2467,Test1234.
user2468,Test1234.
user2469,Test1234.
user2470,Test1234.
user2471,Test1234.
user2472,Test1234.
user2473,Test1234.
user2474,Test1234.
user2475,Test1234.
user2476,Test1234.
user2477,Test1234.
user2478,Test1234.
user2479,Test1234.
user2480,Test1234.
user2481,Test1234.
user2482,Test1234.
user2483,Test1234.
user2484,Test1234.
user2485,Test1234.
user2486,Test1234.
user2487,Test1234.
user2488,Test1234.
user2489,Test1234.
user2490,Test1234.
user2491,Test1234.
user2492,Test1234.
user2493,Test1234.
user2494,Test1234.
user2495,Test1234.
user2496,Test1234.
user2497,Test1234.
user2498,Test1234.
user2499,Test1234.
user2500,Test1234.
user2501,Test1234.
user2502,Test1234.
user2503,Test1234.
user2504,Test1234.
user2505,Test1234.
user2506,Test1234.
user2507,Test1234.
user2508,Test1234.
user2509,Test1234.
user2510,Test1234.
user2511,Test1234.
user2512,Test1234.
user2513,Test1234.
user2514,Test1234.
user2515,Test1234.
user2516,Test1234.
user2517,Test1234.
user2518,Test1234.
user2519,Test1234.
user2520,Test1234.
user2521,Test1234.
user2522,Test1234.
user2523,Test1234.
user2524,Test1234.
user2525,Test1234.
user2526,Test1234.
user2527,Test1234.
user2528,Test1234.
user2529,Test1234.
user2530,Test1234.
user2531,Test1234.
user2532,Test1234.
user2533,Test1234.
user2534,Test1234.
user2535,Test1234.
user2536,Test1234.
user2537,Test1234.
user2538,Test1234.
user2539,Test1234.
user2540,Test1234.
user2541,Test1234.
user2542,Test1234.
user2543,Test1234.
user2544,Test1234.
user2545,Test1234.
user2546,Test1234.
user2547,Test1234.
user2548,Test1234.
user2549,Test1234.
user2550,Test1234.
user2551,Test1234.
user2552,Test1234.
user2553,Test1234.
user2554,Test1234.
user2555,Test1234.
user2556,Test1234.
user2557,Test1234.
user2558,Test1234.
user2559,Test1234.
user2560,Test1234.
user2561,Test1234.
user2562,Test1234.
user2563,Test1234.
user2564,Test1234.
user2565,Test1234.
user2566,Test1234.
user2567,Test1234.
user2568,Test1234.
user2569,Test1234.
user2570,Test1234.
user2571,Test1234.
user2572,Test1234.
user2573,Test1234.
user2574,Test1234.
user2575,Test1234.
user2576,Test1234.
user2577,Test1234.
user2578,Test1234.
user2579,Test1234.
user2580,Test1234.
user2581,Test1234.
user2582,Test1234.
user2583,Test1234.
user2584,Test1234.
user2585,Test1234.
user2586,Test1234.
user2587,Test1234.
user2588,Test1234.
user2589,Test1234.
user2590,Test1234.
user2591,Test1234.
user2592,Test1234.
user2593,Test1234.
user2594,Test1234.
user2595,Test1234.
user2596,Test1234.
user2597,Test1234.
user2598,Test1234.
user2599,Test1234.
user2600,Test1234.
user2601,Test1234.
user2602,Test1234.
user2603,Test1234.
user2604,Test1234.
user2605,Test1234.
user2606,Test1234.
user2607,Test1234.
user2608,Test1234.
user2609,Test1234.
user2610,Test1234.
user2611,Test1234.
user2612,Test1234.
user2613,Test1234.
user2614,Test1234.
user2615,Test1234.
user2616,Test1234.
user2617,Test1234.
user2618,Test1234.
user2619,Test1234.
user2620,Test1234.
user2621,Test1234.
user2622,Test1234.
user2623,Test1234.
user2624,Test1234.
user2625,Test1234.
user2626,Test1234.
user2627,Test1234.
user2628,Test1234.
user2629,Test1234.
user2630,Test1234.
user2631,Test1234.
user2632,Test1234.
user2633,Test1234.
user2634,Test1234.
user2635,Test1234.
user2636,Test1234.
user2637,Test1234.
user2638,Test1234.
user2639,Test1234.
user2640,Test1234.
user2641,Test1234.
user2642,Test1234.
user2643,Test1234.
user2644,Test1234.
user2645,Test1234.
user2646,Test1234.
user2647,Test1234.
user2648,Test1234.
user2649,Test1234.
user2650,Test1234.
user2651,Test1234.
user2652,Test1234.
user2653,Test1234.
user2654,Test1234.
user2655,Test1234.
user2656,Test1234.
user2657,Test1234.
user2658,Test1234.
user2659,Test1234.
user2660,Test1234.
user2661,Test1234.
user2662,Test1234.
user2663,Test1234.
user2664,Test1234.
user2665,Test1234.
user2666,Test1234.
user2667,Test1234.
user2668,Test1234.
user2669,Test1234.
user2670,Test1234.
user2671,Test1234.
user2672,Test1234.
user2673,Test1234.
user2674,Test1234.
user2675,Test1234.
user2676,Test1234.
user2677,Test1234.
user2678,Test1234.
user2679,Test1234.
user2680,Test1234.
user2681,Test1234.
user2682,Test1234.
user2683,Test1234.
user2684,Test1234.
user2685,Test1234.
user2686,Test1234.
user2687,Test1234.
user2688,Test1234.
user2689,Test1234.
user2690,Test1234.
user2691,Test1234.
user2692,Test1234.
user2693,Test1234.
user2694,Test1234.
user2695,Test1234.
user2696,Test1234.
user2697,Test1234.
user2698,Test1234.
user2699,Test1234.
user2700,Test1234.
user2701,Test1234.
user2702,Test1234.
user2703,Test1234.
user2704,Test1234.
user2705,Test1234.
user2706,Test1234.
user2707,Test1234.
user2708,Test1234.
user2709,Test1234.
user2710,Test1234.
user2711,Test1234.
user2712,Test1234.
user2713,Test1234.
user2714,Test1234.
user2715,Test1234.
user2716,Test1234.
user2717,Test1234.
user2718,Test1234.
user2719,Test1234.
user2720,Test1234.
user2721,Test1234.
user2722,Test1234.
user2723,Test1234.
user2724,Test1234.
user2725,Test1234.
user2726,Test1234.
user2727,Test1234.
user2728,Test1234.
user2729,Test1234.
user2730,Test1234.
user2731,Test1234.
user2732,Test1234.
user2733,Test1234.
user2734,Test1234.
user2735,Test1234.
user2736,Test1234.
user2737,Test1234.
user2738,Test1234.
user2739,Test1234.
user2740,Test1234.
user2741,Test1234.
user2742,Test1234.
user2743,Test1234.
user2744,Test1234.
user2745,Test1234.
user2746,Test1234.
user2747,Test1234.
user2748,Test1234.
user2749,Test1234.
user2750,Test1234.
user2751,Test1234.
user2752,Test1234.
user2753,Test1234.
user2754,Test1234.
user2755,Test1234.
user2756,Test1234.
user2757,Test1234.
user2758,Test1234.
user2759,Test1234.
user2760,Test1234.
user2761,Test1234.
user2762,Test1234.
user2763,Test1234.
user2764,Test1234.
user2765,Test1234.
user2766,Test1234.
user2767,Test1234.
user2768,Test1234.
user2769,Test1234.
user2770,Test1234.
user2771,Test1234.
user2772,Test1234.
user2773,Test1234.
user2774,Test1234.
user2775,Test1234.
user2776,Test1234.
user2777,Test1234.
user2778,Test1234.
user2779,Test1234.
user2780,Test1234.
user2781,Test1234.
user2782,Test1234.
user2783,Test1234.
user2784,Test1234.
user2785,Test1234.
user2786,Test1234.
user2787,Test1234.
user2788,Test1234.
user2789,Test1234.
user2790,Test1234.
user2791,Test1234.
user2792,Test1234.
user2793,Test1234.
user2794,Test1234.
user2795,Test1234.
user2796,Test1234.
user2797,Test1234.
user2798,Test1234.
user2799,Test1234.
user2800,Test1234.
user2801,Test1234.
user2802,Test1234.
user2803,Test1234.
user2804,Test1234.
user2805,Test1234.
user2806,Test1234.
user2807,Test1234.
user2808,Test1234.
user2809,Test1234.
user2810,Test1234.
user2811,Test1234.
user2812,Test1234.
user2813,Test1234.
user2814,Test1234.
user2815,Test1234.
user2816,Test1234.
user2817,Test1234.
user2818,Test1234.
user2819,Test1234.
user2820,Test1234.
user2821,Test1234.
user2822,Test1234.
user2823,Test1234.
user2824,Test1234.
user2825,Test1234.
user2826,Test1234.
user2827,Test1234.
user2828,Test1234.
user2829,Test1234.
user2830,Test1234.
user2831,Test1234.
user2832,Test1234.
user2833,Test1234.
user2834,Test1234.
user2835,Test1234.
user2836,Test1234.
user2837,Test1234.
user2838,Test1234.
user2839,Test1234.
user2840,Test1234.
user2841,Test1234.
user2842,Test1234.
user2843,Test1234.
user2844,Test1234.
user2845,Test1234.
user2846,Test1234.
user2847,Test1234.
user2848,Test1234.
user2849,Test1234.
user2850,Test1234.
user2851,Test1234.
user2852,Test1234.
user2853,Test1234.
user2854,Test1234.
user2855,Test1234.
user2856,Test1234.
user2857,Test1234.
user2858,Test1234.
user2859,Test1234.
user2860,Test1234.
user2861,Test1234.
user2862,Test1234.
user2863,Test1234.
user2864,Test1234.
user2865,Test1234.
user2866,Test1234.
user2867,Test1234.
user2868,Test1234.
user2869,Test1234.
user2870,Test1234.
user2871,Test1234.
user2872,Test1234.
user2873,Test1234.
user2874,Test1234.
user2875,Test1234.
user2876,Test1234.
user2877,Test1234.
user2878,Test1234.
user2879,Test1234.
user2880,Test1234.
user2881,Test1234.
user2882,Test1234.
user2883,Test1234.
user2884,Test1234.
user2885,Test1234.
user2886,Test1234.
user2887,Test1234.
user2888,Test1234.
user2889,Test1234.
user2890,Test1234.
user2891,Test1234.
user2892,Test1234.
user2893,Test1234.
user2894,Test1234.
user2895,Test1234.
user2896,Test1234.
user2897,Test1234.
user2898,Test1234.
user2899,Test1234.
user2900,Test1234.
user2901,Test1234.
user2902,Test1234.
user2903,Test1234.
user2904,Test1234.
user2905,Test1234.
user2906,Test1234.
user2907,Test1234.
user2908,Test1234.
user2909,Test1234.
user2910,Test1234.
user2911,Test1234.
user2912,Test1234.
user2913,Test1234.
user2914,Test1234.
user2915,Test1234.
user2916,Test1234.
user2917,Test1234.
user2918,Test1234.
user2919,Test1234.
user2920,Test1234.
user2921,Test1234.
user2922,Test1234.
user2923,Test1234.
user2924,Test1234.
user2925,Test1234.
user2926,Test1234.
user2927,Test1234.
user2928,Test1234.
user2929,Test1234.
user2930,Test1234.
user2931,Test1234.
user2932,Test1234.
user2933,Test1234.
user2934,Test1234.
user2935,Test1234.
user2936,Test1234.
user2937,Test1234.
user2938,Test1234.
user2939,Test1234.
user2940,Test1234.
user2941,Test1234.
user2942,Test1234.
user2943,Test1234.
user2944,Test1234.
user2945,Test1234.
user2946,Test1234.
user2947,Test1234.
user2948,Test1234.
user2949,Test1234.
user2950,Test1234.
user2951,Test1234.
user2952,Test1234.
user2953,Test1234.
user2954,Test1234.
user2955,Test1234.
user2956,Test1234.
user2957,Test1234.
user2958,Test1234.
user2959,Test1234.
user2960,Test1234.
user2961,Test1234.
user2962,Test1234.
user2963,Test1234.
user2964,Test1234.
user2965,Test1234.
user2966,Test1234.
user2967,Test1234.
user2968,Test1234.
user2969,Test1234.
user2970,Test1234.
user2971,Test1234.
user2972,Test1234.
user2973,Test1234.
user2974,Test1234.
user2975,Test1234.
user2976,Test1234.
user2977,Test1234.
user2978,Test1234.
user2979,Test1234.
user2980,Test1234.
user2981,Test1234.
user2982,Test1234.
user2983,Test1234.
user2984,Test1234.
user2985,Test1234.
user2986,Test1234.
user2987,Test1234.
user2988,Test1234.
user2989,Test1234.
user2990,Test1234.
user2991,Test1234.
user2992,Test1234.
user2993,Test1234.
user2994,Test1234.
user2995,Test1234.
user2996,Test1234.
user2997,Test1234.
user2998,Test1234.
user2999,Test1234.
user3000,Test1234.
user3001,Test1234.
user3002,Test1234.
user3003,Test1234.
user3004,Test1234.
user3005,Test1234.
user3006,Test1234.
user3007,Test1234.
user3008,Test1234.
user3009,Test1234.
user3010,Test1234.
user3011,Test1234.
user3012,Test1234.
user3013,Test1234.
user3014,Test1234.
user3015,Test1234.
user3016,Test1234.
user3017,Test1234.
user3018,Test1234.
user3019,Test1234.
user3020,Test1234.
user3021,Test1234.
user3022,Test1234.
user3023,Test1234.
user3024,Test1234.
user3025,Test1234.
user3026,Test1234.
user3027,Test1234.
user3028,Test1234.
user3029,Test1234.
user3030,Test1234.
user3031,Test1234.
user3032,Test1234.
user3033,Test1234.
user3034,Test1234.
user3035,Test1234.
user3036,Test1234.
user3037,Test1234.
user3038,Test1234.
user3039,Test1234.
user3040,Test1234.
user3041,Test1234.
user3042,Test1234.
user3043,Test1234.
user3044,Test1234.
user3045,Test1234.
user3046,Test1234.
user3047,Test1234.
user3048,Test1234.
user3049,Test1234.
user3050,Test1234.
user3051,Test1234.
user3052,Test1234.
user3053,Test1234.
user3054,Test1234.
user3055,Test1234.
user3056,Test1234.
user3057,Test1234.
user3058,Test1234.
user3059,Test1234.
user3060,Test1234.
user3061,Test1234.
user3062,Test1234.
user3063,Test1234.
user3064,Test1234.
user3065,Test1234.
user3066,Test1234.
user3067,Test1234.
user3068,Test1234.
user3069,Test1234.
user3070,Test1234.
user3071,Test1234.
user3072,Test1234.
user3073,Test1234.
user3074,Test1234.
user3075,Test1234.
user3076,Test1234.
user3077,Test1234.
user3078,Test1234.
user3079,Test1234.
user3080,Test1234.
user3081,Test1234.
user3082,Test1234.
user3083,Test1234.
user3084,Test1234.
user3085,Test1234.
user3086,Test1234.
user3087,Test1234.
user3088,Test1234.
user3089,Test1234.
user3090,Test1234.
user3091,Test1234.
user3092,Test1234.
user3093,Test1234.
user3094,Test1234.
user3095,Test1234.
user3096,Test1234.
user3097,Test1234.
user3098,Test1234.
user3099,Test1234.
user3100,Test1234.
user3101,Test1234.
user3102,Test1234.
user3103,Test1234.
user3104,Test1234.
user3105,Test1234.
user3106,Test1234.
user3107,Test1234.
user3108,Test1234.
user3109,Test1234.
user3110,Test1234.
user3111,Test1234.
user3112,Test1234.
user3113,Test1234.
user3114,Test1234.
user3115,Test1234.
user3116,Test1234.
user3117,Test1234.
user3118,Test1234.
user3119,Test1234.
user3120,Test1234.
user3121,Test1234.
user3122,Test1234.
user3123,Test1234.
user3124,Test1234.
user3125,Test1234.
user3126,Test1234.
user3127,Test1234.
user3128,Test1234.
user3129,Test1234.
user3130,Test1234.
user3131,Test1234.
user3132,Test1234.
user3133,Test1234.
user3134,Test1234.
user3135,Test1234.
user3136,Test1234.
user3137,Test1234.
user3138,Test1234.
user3139,Test1234.
user3140,Test1234.
user3141,Test1234.
user3142,Test1234.
user3143,Test1234.
user3144,Test1234.
user3145,Test1234.
user3146,Test1234.
user3147,Test1234.
user3148,Test1234.
user3149,Test1234.
user3150,Test1234.
user3151,Test1234.
user3152,Test1234.
user3153,Test1234.
user3154,Test1234.
user3155,Test1234.
user3156,Test1234.
user3157,Test1234.
user3158,Test1234.
user3159,Test1234.
user3160,Test1234.
user3161,Test1234.
user3162,Test1234.
user3163,Test1234.
user3164,Test1234.
user3165,Test1234.
user3166,Test1234.
user3167,Test1234.
user3168,Test1234.
user3169,Test1234.
user3170,Test1234.
user3171,Test1234.
user3172,Test1234.
user3173,Test1234.
user3174,Test1234.
user3175,Test1234.
user3176,Test1234.
user3177,Test1234.
user3178,Test1234.
user3179,Test1234.
user3180,Test1234.
user3181,Test1234.
user3182,Test1234.
user3183,Test1234.
user3184,Test1234.
user3185,Test1234.
user3186,Test1234.
user3187,Test1234.
user3188,Test1234.
user3189,Test1234.
user3190,Test1234.
user3191,Test1234.
user3192,Test1234.
user3193,Test1234.
user3194,Test1234.
user3195,Test1234.
user3196,Test1234.
user3197,Test1234.
user3198,Test1234.
user3199,Test1234.
user3200,Test1234.
user3201,Test1234.
user3202,Test1234.
user3203,Test1234.
user3204,Test1234.
user3205,Test1234.
user3206,Test1234.
user3207,Test1234.
user3208,Test1234.
user3209,Test1234.
user3210,Test1234.
user3211,Test1234.
user3212,Test1234.
user3213,Test1234.
user3214,Test1234.
user3215,Test1234.
user3216,Test1234.
user3217,Test1234.
user3218,Test1234.
user3219,Test1234.
user3220,Test1234.
user3221,Test1234.
user3222,Test1234.
user3223,Test1234.
user3224,Test1234.
user3225,Test1234.
user3226,Test1234.
user3227,Test1234.
user3228,Test1234.
user3229,Test1234.
user3230,Test1234.
user3231,Test1234.
user3232,Test1234.
user3233,Test1234.
user3234,Test1234.
user3235,Test1234.
user3236,Test1234.
user3237,Test1234.
user3238,Test1234.
user3239,Test1234.
user3240,Test1234.
user3241,Test1234.
user3242,Test1234.
user3243,Test1234.
user3244,Test1234.
user3245,Test1234.
user3246,Test1234.
user3247,Test1234.
user3248,Test1234.
user3249,Test1234.
user3250,Test1234.
user3251,Test1234.
user3252,Test1234.
user3253,Test1234.
user3254,Test1234.
user3255,Test1234.
user3256,Test1234.
user3257,Test1234.
user3258,Test1234.
user3259,Test1234.
user3260,Test1234.
user3261,Test1234.
user3262,Test1234.
user3263,Test1234.
user3264,Test1234.
user3265,Test1234.
user3266,Test1234.
user3267,Test1234.
user3268,Test1234.
user3269,Test1234.
user3270,Test1234.
user3271,Test1234.
user3272,Test1234.
user3273,Test1234.
user3274,Test1234.
user3275,Test1234.
user3276,Test1234.
user3277,Test1234.
user3278,Test1234.
user3279,Test1234.
user3280,Test1234.
user3281,Test1234.
user3282,Test1234.
user3283,Test1234.
user3284,Test1234.
user3285,Test1234.
user3286,Test1234.
user3287,Test1234.
user3288,Test1234.
user3289,Test1234.
user3290,Test1234.
user3291,Test1234.
user3292,Test1234.
user3293,Test1234.
user3294,Test1234.
user3295,Test1234.
user3296,Test1234.
user3297,Test1234.
user3298,Test1234.
user3299,Test1234.
user3300,Test1234.
user3301,Test1234.
user3302,Test1234.
user3303,Test1234.
user3304,Test1234.
user3305,Test1234.
user3306,Test1234.
user3307,Test1234.
user3308,Test1234.
user3309,Test1234.
user3310,Test1234.
user3311,Test1234.
user3312,Test1234.
user3313,Test1234.
user3314,Test1234.
user3315,Test1234.
user3316,Test1234.
user3317,Test1234.
user3318,Test1234.
user3319,Test1234.
user3320,Test1234.
user3321,Test1234.
user3322,Test1234.
user3323,Test1234.
user3324,Test1234.
user3325,Test1234.
user3326,Test1234.
user3327,Test1234.
user3328,Test1234.
user3329,Test1234.
user3330,Test1234.
user3331,Test1234.
user3332,Test1234.
user3333,Test1234.
user3334,Test1234.
user3335,Test1234.
user3336,Test1234.
user3337,Test1234.
user3338,Test1234.
user3339,Test1234.
user3340,Test1234.
user3341,Test1234.
user3342,Test1234.
user3343,Test1234.
user3344,Test1234.
user3345,Test1234.
user3346,Test1234.
user3347,Test1234.
user3348,Test1234.
user3349,Test1234.
user3350,Test1234.
user3351,Test1234.
user3352,Test1234.
user3353,Test1234.
user3354,Test1234.
user3355,Test1234.
user3356,Test1234.
user3357,Test1234.
user3358,Test1234.
user3359,Test1234.
user3360,Test1234.
user3361,Test1234.
user3362,Test1234.
user3363,Test1234.
user3364,Test1234.
user3365,Test1234.
user3366,Test1234.
user3367,Test1234.
user3368,Test1234.
user3369,Test1234.
user3370,Test1234.
user3371,Test1234.
user3372,Test1234.
user3373,Test1234.
user3374,Test1234.
user3375,Test1234.
user3376,Test1234.
user3377,Test1234.
user3378,Test1234.
user3379,Test1234.
user3380,Test1234.
user3381,Test1234.
user3382,Test1234.
user3383,Test1234.
user3384,Test1234.
user3385,Test1234.
user3386,Test1234.
user3387,Test1234.
user3388,Test1234.
user3389,Test1234.
user3390,Test1234.
user3391,Test1234.
user3392,Test1234.
user3393,Test1234.
user3394,Test1234.
user3395,Test1234.
user3396,Test1234.
user3397,Test1234.
user3398,Test1234.
user3399,Test1234.
user3400,Test1234.
user3401,Test1234.
user3402,Test1234.
user3403,Test1234.
user3404,Test1234.
user3405,Test1234.
user3406,Test1234.
user3407,Test1234.
user3408,Test1234.
user3409,Test1234.
user3410,Test1234.
user3411,Test1234.
user3412,Test1234.
user3413,Test1234.
user3414,Test1234.
user3415,Test1234.
user3416,Test1234.
user3417,Test1234.
user3418,Test1234.
user3419,Test1234.
user3420,Test1234.
user3421,Test1234.
user3422,Test1234.
user3423,Test1234.
user3424,Test1234.
user3425,Test1234.
user3426,Test1234.
user3427,Test1234.
user3428,Test1234.
user3429,Test1234.
user3430,Test1234.
user3431,Test1234.
user3432,Test1234.
user3433,Test1234.
user3434,Test1234.
user3435,Test1234.
user3436,Test1234.
user3437,Test1234.
user3438,Test1234.
user3439,Test1234.
user3440,Test1234.
user3441,Test1234.
user3442,Test1234.
user3443,Test1234.
user3444,Test1234.
user3445,Test1234.
user3446,Test1234.
user3447,Test1234.
user3448,Test1234.
user3449,Test1234.
user3450,Test1234.
user3451,Test1234.
user3452,Test1234.
user3453,Test1234.
user3454,Test1234.
user3455,Test1234.
user3456,Test1234.
user3457,Test1234.
user3458,Test1234.
user3459,Test1234.
user3460,Test1234.
user3461,Test1234.
user3462,Test1234.
user3463,Test1234.
user3464,Test1234.
user3465,Test1234.
user3466,Test1234.
user3467,Test1234.
user3468,Test1234.
user3469,Test1234.
user3470,Test1234.
user3471,Test1234.
user3472,Test1234.
user3473,Test1234.
user3474,Test1234.
user3475,Test1234.
user3476,Test1234.
user3477,Test1234.
user3478,Test1234.
user3479,Test1234.
user3480,Test1234.
user3481,Test1234.
user3482,Test1234.
user3483,Test1234.
user3484,Test1234.
user3485,Test1234.
user3486,Test1234.
user3487,Test1234.
user3488,Test1234.
user3489,Test1234.
user3490,Test1234.
user3491,Test1234.
user3492,Test1234.
user3493,Test1234.
user3494,Test1234.
user3495,Test1234.
user3496,Test1234.
user3497,Test1234.
user3498,Test1234.
user3499,Test1234.
user3500,Test1234.
user3501,Test1234.
user3502,Test1234.
user3503,Test1234.
user3504,Test1234.
user3505,Test1234.
user3506,Test1234.
user3507,Test1234.
user3508,Test1234.
user3509,Test1234.
user3510,Test1234.
user3511,Test1234.
user3512,Test1234.
user3513,Test1234.
user3514,Test1234.
user3515,Test1234.
user3516,Test1234.
user3517,Test1234.
user3518,Test1234.
user3519,Test1234.
user3520,Test1234.
user3521,Test1234.
user3522,Test1234.
user3523,Test1234.
user3524,Test1234.
user3525,Test1234.
user3526,Test1234.
user3527,Test1234.
user3528,Test1234.
user3529,Test1234.
user3530,Test1234.
user3531,Test1234.
user3532,Test1234.
user3533,Test1234.
user3534,Test1234.
user3535,Test1234.
user3536,Test1234.
user3537,Test1234.
user3538,Test1234.
user3539,Test1234.
user3540,Test1234.
user3541,Test1234.
user3542,Test1234.
user3543,Test1234.
user3544,Test1234.
user3545,Test1234.
user3546,Test1234.
user3547,Test1234.
user3548,Test1234.
user3549,Test1234.
user3550,Test1234.
user3551,Test1234.
user3552,Test1234.
user3553,Test1234.
user3554,Test1234.
user3555,Test1234.
user3556,Test1234.
user3557,Test1234.
user3558,Test1234.
user3559,Test1234.
user3560,Test1234.
user3561,Test1234.
user3562,Test1234.
user3563,Test1234.
user3564,Test1234.
user3565,Test1234.
user3566,Test1234.
user3567,Test1234.
user3568,Test1234.
user3569,Test1234.
user3570,Test1234.
user3571,Test1234.
user3572,Test1234.
user3573,Test1234.
user3574,Test1234.
user3575,Test1234.
user3576,Test1234.
user3577,Test1234.
user3578,Test1234.
user3579,Test1234.
user3580,Test1234.
user3581,Test1234.
user3582,Test1234.
user3583,Test1234.
user3584,Test1234.
user3585,Test1234.
user3586,Test1234.
user3587,Test1234.
user3588,Test1234.
user3589,Test1234.
user3590,Test1234.
user3591,Test1234.
user3592,Test1234.
user3593,Test1234.
user3594,Test1234.
user3595,Test1234.
user3596,Test1234.
user3597,Test1234.
user3598,Test1234.
user3599,Test1234.
user3600,Test1234.
user3601,Test1234.
user3602,Test1234.
user3603,Test1234.
user3604,Test1234.
user3605,Test1234.
user3606,Test1234.
user3607,Test1234.
user3608,Test1234.
user3609,Test1234.
user3610,Test1234.
user3611,Test1234.
user3612,Test1234.
user3613,Test1234.
user3614,Test1234.
user3615,Test1234.
user3616,Test1234.
user3617,Test1234.
user3618,Test1234.
user3619,Test1234.
user3620,Test1234.
user3621,Test1234.
user3622,Test1234.
user3623,Test1234.
user3624,Test1234.
user3625,Test1234.
user3626,Test1234.
user3627,Test1234.
user3628,Test1234.
user3629,Test1234.
user3630,Test1234.
user3631,Test1234.
user3632,Test1234.
user3633,Test1234.
user3634,Test1234.
user3635,Test1234.
user3636,Test1234.
user3637,Test1234.
user3638,Test1234.
user3639,Test1234.
user3640,Test1234.
user3641,Test1234.
user3642,Test1234.
user3643,Test1234.
user3644,Test1234.
user3645,Test1234.
user3646,Test1234.
user3647,Test1234.
user3648,Test1234.
user3649,Test1234.
user3650,Test1234.
user3651,Test1234.
user3652,Test1234.
user3653,Test1234.
user3654,Test1234.
user3655,Test1234.
user3656,Test1234.
user3657,Test1234.
user3658,Test1234.
user3659,Test1234.
user3660,Test1234.
user3661,Test1234.
user3662,Test1234.
user3663,Test1234.
user3664,Test1234.
user3665,Test1234.
user3666,Test1234.
user3667,Test1234.
user3668,Test1234.
user3669,Test1234.
user3670,Test1234.
user3671,Test1234.
user3672,Test1234.
user3673,Test1234.
user3674,Test1234.
user3675,Test1234.
user3676,Test1234.
user3677,Test1234.
user3678,Test1234.
user3679,Test1234.
user3680,Test1234.
user3681,Test1234.
user3682,Test1234.
user3683,Test1234.
user3684,Test1234.
user3685,Test1234.
user3686,Test1234.
user3687,Test1234.
user3688,Test1234.
user3689,Test1234.
user3690,Test1234.
user3691,Test1234.
user3692,Test1234.
user3693,Test1234.
user3694,Test1234.
user3695,Test1234.
user3696,Test1234.
user3697,Test1234.
user3698,Test1234.
user3699,Test1234.
user3700,Test1234.
user3701,Test1234.
user3702,Test1234.
user3703,Test1234.
user3704,Test1234.
user3705,Test1234.
user3706,Test1234.
user3707,Test1234.
user3708,Test1234.
user3709,Test1234.
user3710,Test1234.
user3711,Test1234.
user3712,Test1234.
user3713,Test1234.
user3714,Test1234.
user3715,Test1234.
user3716,Test1234.
user3717,Test1234.
user3718,Test1234.
user3719,Test1234.
user3720,Test1234.
user3721,Test1234.
user3722,Test1234.
user3723,Test1234.
user3724,Test1234.
user3725,Test1234.
user3726,Test1234.
user3727,Test1234.
user3728,Test1234.
user3729,Test1234.
user3730,Test1234.
user3731,Test1234.
user3732,Test1234.
user3733,Test1234.
user3734,Test1234.
user3735,Test1234.
user3736,Test1234.
user3737,Test1234.
user3738,Test1234.
user3739,Test1234.
user3740,Test1234.
user3741,Test1234.
user3742,Test1234.
user3743,Test1234.
user3744,Test1234.
user3745,Test1234.
user3746,Test1234.
user3747,Test1234.
user3748,Test1234.
user3749,Test1234.
user3750,Test1234.
user3751,Test1234.
user3752,Test1234.
user3753,Test1234.
user3754,Test1234.
user3755,Test1234.
user3756,Test1234.
user3757,Test1234.
user3758,Test1234.
user3759,Test1234.
user3760,Test1234.
user3761,Test1234.
user3762,Test1234.
user3763,Test1234.
user3764,Test1234.
user3765,Test1234.
user3766,Test1234.
user3767,Test1234.
user3768,Test1234.
user3769,Test1234.
user3770,Test1234.
user3771,Test1234.
user3772,Test1234.
user3773,Test1234.
user3774,Test1234.
user3775,Test1234.
user3776,Test1234.
user3777,Test1234.
user3778,Test1234.
user3779,Test1234.
user3780,Test1234.
user3781,Test1234.
user3782,Test1234.
user3783,Test1234.
user3784,Test1234.
user3785,Test1234.
user3786,Test1234.
user3787,Test1234.
user3788,Test1234.
user3789,Test1234.
user3790,Test1234.
user3791,Test1234.
user3792,Test1234.
user3793,Test1234.
user3794,Test1234.
user3795,Test1234.
user3796,Test1234.
user3797,Test1234.
user3798,Test1234.
user3799,Test1234.
user3800,Test1234.
user3801,Test1234.
user3802,Test1234.
user3803,Test1234.
user3804,Test1234.
user3805,Test1234.
user3806,Test1234.
user3807,Test1234.
user3808,Test1234.
user3809,Test1234.
user3810,Test1234.
user3811,Test1234.
user3812,Test1234.
user3813,Test1234.
user3814,Test1234.
user3815,Test1234.
user3816,Test1234.
user3817,Test1234.
user3818,Test1234.
user3819,Test1234.
user3820,Test1234.
user3821,Test1234.
user3822,Test1234.
user3823,Test1234.
user3824,Test1234.
user3825,Test1234.
user3826,Test1234.
user3827,Test1234.
user3828,Test1234.
user3829,Test1234.
user3830,Test1234.
user3831,Test1234.
user3832,Test1234.
user3833,Test1234.
user3834,Test1234.
user3835,Test1234.
user3836,Test1234.
user3837,Test1234.
user3838,Test1234.
user3839,Test1234.
user3840,Test1234.
user3841,Test1234.
user3842,Test1234.
user3843,Test1234.
user3844,Test1234.
user3845,Test1234.
user3846,Test1234.
user3847,Test1234.
user3848,Test1234.
user3849,Test1234.
user3850,Test1234.
user3851,Test1234.
user3852,Test1234.
user3853,Test1234.
user3854,Test1234.
user3855,Test1234.
user3856,Test1234.
user3857,Test1234.
user3858,Test1234.
user3859,Test1234.
user3860,Test1234.
user3861,Test1234.
user3862,Test1234.
user3863,Test1234.
user3864,Test1234.
user3865,Test1234.
user3866,Test1234.
user3867,Test1234.
user3868,Test1234.
user3869,Test1234.
user3870,Test1234.
user3871,Test1234.
user3872,Test1234.
user3873,Test1234.
user3874,Test1234.
user3875,Test1234.
user3876,Test1234.
user3877,Test1234.
user3878,Test1234.
user3879,Test1234.
user3880,Test1234.
user3881,Test1234.
user3882,Test1234.
user3883,Test1234.
user3884,Test1234.
user3885,Test1234.
user3886,Test1234.
user3887,Test1234.
user3888,Test1234.
user3889,Test1234.
user3890,Test1234.
user3891,Test1234.
user3892,Test1234.
user3893,Test1234.
user3894,Test1234.
user3895,Test1234.
user3896,Test1234.
user3897,Test1234.
user3898,Test1234.
user3899,Test1234.
user3900,Test1234.
user3901,Test1234.
user3902,Test1234.
user3903,Test1234.
user3904,Test1234.
user3905,Test1234.
user3906,Test1234.
user3907,Test1234.
user3908,Test1234.
user3909,Test1234.
user3910,Test1234.
user3911,Test1234.
user3912,Test1234.
user3913,Test1234.
user3914,Test1234.
user3915,Test1234.
user3916,Test1234.
user3917,Test1234.
user3918,Test1234.
user3919,Test1234.
user3920,Test1234.
user3921,Test1234.
user3922,Test1234.
user3923,Test1234.
user3924,Test1234.
user3925,Test1234.
user3926,Test1234.
user3927,Test1234.
user3928,Test1234.
user3929,Test1234.
user3930,Test1234.
user3931,Test1234.
user3932,Test1234.
user3933,Test1234.
user3934,Test1234.
user3935,Test1234.
user3936,Test1234.
user3937,Test1234.
user3938,Test1234.
user3939,Test1234.
user3940,Test1234.
user3941,Test1234.
user3942,Test1234.
user3943,Test1234.
user3944,Test1234.
user3945,Test1234.
user3946,Test1234.
user3947,Test1234.
user3948,Test1234.
user3949,Test1234.
user3950,Test1234.
user3951,Test1234.
user3952,Test1234.
user3953,Test1234.
user3954,Test1234.
user3955,Test1234.
user3956,Test1234.
user3957,Test1234.
user3958,Test1234.
user3959,Test1234.
user3960,Test1234.
user3961,Test1234.
user3962,Test1234.
user3963,Test1234.
user3964,Test1234.
user3965,Test1234.
user3966,Test1234.
user3967,Test1234.
user3968,Test1234.
user3969,Test1234.
user3970,Test1234.
user3971,Test1234.
user3972,Test1234.
user3973,Test1234.
user3974,Test1234.
user3975,Test1234.
user3976,Test1234.
user3977,Test1234.
user3978,Test1234.
user3979,Test1234.
user3980,Test1234.
user3981,Test1234.
user3982,Test1234.
user3983,Test1234.
user3984,Test1234.
user3985,Test1234.
user3986,Test1234.
user3987,Test1234.
user3988,Test1234.
user3989,Test1234.
user3990,Test1234.
user3991,Test1234.
user3992,Test1234.
user3993,Test1234.
user3994,Test1234.
user3995,Test1234.
user3996,Test1234.
user3997,Test1234.
user3998,Test1234.
user3999,Test1234.
user4000,Test1234.
user4001,Test1234.
user4002,Test1234.
user4003,Test1234.
user4004,Test1234.
user4005,Test1234.
user4006,Test1234.
user4007,Test1234.
user4008,Test1234.
user4009,Test1234.
user4010,Test1234.
user4011,Test1234.
user4012,Test1234.
user4013,Test1234.
user4014,Test1234.
user4015,Test1234.
user4016,Test1234.
user4017,Test1234.
user4018,Test1234.
user4019,Test1234.
user4020,Test1234.
user4021,Test1234.
user4022,Test1234.
user4023,Test1234.
user4024,Test1234.
user4025,Test1234.
user4026,Test1234.
user4027,Test1234.
user4028,Test1234.
user4029,Test1234.
user4030,Test1234.
user4031,Test1234.
user4032,Test1234.
user4033,Test1234.
user4034,Test1234.
user4035,Test1234.
user4036,Test1234.
user4037,Test1234.
user4038,Test1234.
user4039,Test1234.
user4040,Test1234.
user4041,Test1234.
user4042,Test1234.
user4043,Test1234.
user4044,Test1234.
user4045,Test1234.
user4046,Test1234.
user4047,Test1234.
user4048,Test1234.
user4049,Test1234.
user4050,Test1234.
user4051,Test1234.
user4052,Test1234.
user4053,Test1234.
user4054,Test1234.
user4055,Test1234.
user4056,Test1234.
user4057,Test1234.
user4058,Test1234.
user4059,Test1234.
user4060,Test1234.
user4061,Test1234.
user4062,Test1234.
user4063,Test1234.
user4064,Test1234.
user4065,Test1234.
user4066,Test1234.
user4067,Test1234.
user4068,Test1234.
user4069,Test1234.
user4070,Test1234.
user4071,Test1234.
user4072,Test1234.
user4073,Test1234.
user4074,Test1234.
user4075,Test1234.
user4076,Test1234.
user4077,Test1234.
user4078,Test1234.
user4079,Test1234.
user4080,Test1234.
user4081,Test1234.
user4082,Test1234.
user4083,Test1234.
user4084,Test1234.
user4085,Test1234.
user4086,Test1234.
user4087,Test1234.
user4088,Test1234.
user4089,Test1234.
user4090,Test1234.
user4091,Test1234.
user4092,Test1234.
user4093,Test1234.
user4094,Test1234.
user4095,Test1234.
user4096,Test1234.
user4097,Test1234.
user4098,Test1234.
user4099,Test1234.
user4100,Test1234.
user4101,Test1234.
user4102,Test1234.
user4103,Test1234.
user4104,Test1234.
user4105,Test1234.
user4106,Test1234.
user4107,Test1234.
user4108,Test1234.
user4109,Test1234.
user4110,Test1234.
user4111,Test1234.
user4112,Test1234.
user4113,Test1234.
user4114,Test1234.
user4115,Test1234.
user4116,Test1234.
user4117,Test1234.
user4118,Test1234.
user4119,Test1234.
user4120,Test1234.
user4121,Test1234.
user4122,Test1234.
user4123,Test1234.
user4124,Test1234.
user4125,Test1234.
user4126,Test1234.
user4127,Test1234.
user4128,Test1234.
user4129,Test1234.
user4130,Test1234.
user4131,Test1234.
user4132,Test1234.
user4133,Test1234.
user4134,Test1234.
user4135,Test1234.
user4136,Test1234.
user4137,Test1234.
user4138,Test1234.
user4139,Test1234.
user4140,Test1234.
user4141,Test1234.
user4142,Test1234.
user4143,Test1234.
user4144,Test1234.
user4145,Test1234.
user4146,Test1234.
user4147,Test1234.
user4148,Test1234.
user4149,Test1234.
user4150,Test1234.
user4151,Test1234.
user4152,Test1234.
user4153,Test1234.
user4154,Test1234.
user4155,Test1234.
user4156,Test1234.
user4157,Test1234.
user4158,Test1234.
user4159,Test1234.
user4160,Test1234.
user4161,Test1234.
user4162,Test1234.
user4163,Test1234.
user4164,Test1234.
user4165,Test1234.
user4166,Test1234.
user4167,Test1234.
user4168,Test1234.
user4169,Test1234.
user4170,Test1234.
user4171,Test1234.
user4172,Test1234.
user4173,Test1234.
user4174,Test1234.
user4175,Test1234.
user4176,Test1234.
user4177,Test1234.
user4178,Test1234.
user4179,Test1234.
user4180,Test1234.
user4181,Test1234.
user4182,Test1234.
user4183,Test1234.
user4184,Test1234.
user4185,Test1234.
user4186,Test1234.
user4187,Test1234.
user4188,Test1234.
user4189,Test1234.
user4190,Test1234.
user4191,Test1234.
user4192,Test1234.
user4193,Test1234.
user4194,Test1234.
user4195,Test1234.
user4196,Test1234.
user4197,Test1234.
user4198,Test1234.
user4199,Test1234.
user4200,Test1234.
user4201,Test1234.
user4202,Test1234.
user4203,Test1234.
user4204,Test1234.
user4205,Test1234.
user4206,Test1234.
user4207,Test1234.
user4208,Test1234.
user4209,Test1234.
user4210,Test1234.
user4211,Test1234.
user4212,Test1234.
user4213,Test1234.
user4214,Test1234.
user4215,Test1234.
user4216,Test1234.
user4217,Test1234.
user4218,Test1234.
user4219,Test1234.
user4220,Test1234.
user4221,Test1234.
user4222,Test1234.
user4223,Test1234.
user4224,Test1234.
user4225,Test1234.
user4226,Test1234.
user4227,Test1234.
user4228,Test1234.
user4229,Test1234.
user4230,Test1234.
user4231,Test1234.
user4232,Test1234.
user4233,Test1234.
user4234,Test1234.
user4235,Test1234.
user4236,Test1234.
user4237,Test1234.
user4238,Test1234.
user4239,Test1234.
user4240,Test1234.
user4241,Test1234.
user4242,Test1234.
user4243,Test1234.
user4244,Test1234.
user4245,Test1234.
user4246,Test1234.
user4247,Test1234.
user4248,Test1234.
user4249,Test1234.
user4250,Test1234.
user4251,Test1234.
user4252,Test1234.
user4253,Test1234.
user4254,Test1234.
user4255,Test1234.
user4256,Test1234.
user4257,Test1234.
user4258,Test1234.
user4259,Test1234.
user4260,Test1234.
user4261,Test1234.
user4262,Test1234.
user4263,Test1234.
user4264,Test1234.
user4265,Test1234.
user4266,Test1234.
user4267,Test1234.
user4268,Test1234.
user4269,Test1234.
user4270,Test1234.
user4271,Test1234.
user4272,Test1234.
user4273,Test1234.
user4274,Test1234.
user4275,Test1234.
user4276,Test1234.
user4277,Test1234.
user4278,Test1234.
user4279,Test1234.
user4280,Test1234.
user4281,Test1234.
user4282,Test1234.
user4283,Test1234.
user4284,Test1234.
user4285,Test1234.
user4286,Test1234.
user4287,Test1234.
user4288,Test1234.
user4289,Test1234.
user4290,Test1234.
user4291,Test1234.
user4292,Test1234.
user4293,Test1234.
user4294,Test1234.
user4295,Test1234.
user4296,Test1234.
user4297,Test1234.
user4298,Test1234.
user4299,Test1234.
user4300,Test1234.
user4301,Test1234.
user4302,Test1234.
user4303,Test1234.
user4304,Test1234.
user4305,Test1234.
user4306,Test1234.
user4307,Test1234.
user4308,Test1234.
user4309,Test1234.
user4310,Test1234.
user4311,Test1234.
user4312,Test1234.
user4313,Test1234.
user4314,Test1234.
user4315,Test1234.
user4316,Test1234.
user4317,Test1234.
user4318,Test1234.
user4319,Test1234.
user4320,Test1234.
user4321,Test1234.
user4322,Test1234.
user4323,Test1234.
user4324,Test1234.
user4325,Test1234.
user4326,Test1234.
user4327,Test1234.
user4328,Test1234.
user4329,Test1234.
user4330,Test1234.
user4331,Test1234.
user4332,Test1234.
user4333,Test1234.
user4334,Test1234.
user4335,Test1234.
user4336,Test1234.
user4337,Test1234.
user4338,Test1234.
user4339,Test1234.
user4340,Test1234.
user4341,Test1234.
user4342,Test1234.
user4343,Test1234.
user4344,Test1234.
user4345,Test1234.
user4346,Test1234.
user4347,Test1234.
user4348,Test1234.
user4349,Test1234.
user4350,Test1234.
user4351,Test1234.
user4352,Test1234.
user4353,Test1234.
user4354,Test1234.
user4355,Test1234.
user4356,Test1234.
user4357,Test1234.
user4358,Test1234.
user4359,Test1234.
user4360,Test1234.
user4361,Test1234.
user4362,Test1234.
user4363,Test1234.
user4364,Test1234.
user4365,Test1234.
user4366,Test1234.
user4367,Test1234.
user4368,Test1234.
user4369,Test1234.
user4370,Test1234.
user4371,Test1234.
user4372,Test1234.
user4373,Test1234.
user4374,Test1234.
user4375,Test1234.
user4376,Test1234.
user4377,Test1234.
user4378,Test1234.
user4379,Test1234.
user4380,Test1234.
user4381,Test1234.
user4382,Test1234.
user4383,Test1234.
user4384,Test1234.
user4385,Test1234.
user4386,Test1234.
user4387,Test1234.
user4388,Test1234.
user4389,Test1234.
user4390,Test1234.
user4391,Test1234.
user4392,Test1234.
user4393,Test1234.
user4394,Test1234.
user4395,Test1234.
user4396,Test1234.
user4397,Test1234.
user4398,Test1234.
user4399,Test1234.
user4400,Test1234.
user4401,Test1234.
user4402,Test1234.
user4403,Test1234.
user4404,Test1234.
user4405,Test1234.
user4406,Test1234.
user4407,Test1234.
user4408,Test1234.
user4409,Test1234.
user4410,Test1234.
user4411,Test1234.
user4412,Test1234.
user4413,Test1234.
user4414,Test1234.
user4415,Test1234.
user4416,Test1234.
user4417,Test1234.
user4418,Test1234.
user4419,Test1234.
user4420,Test1234.
user4421,Test1234.
user4422,Test1234.
user4423,Test1234.
user4424,Test1234.
user4425,Test1234.
user4426,Test1234.
user4427,Test1234.
user4428,Test1234.
user4429,Test1234.
user4430,Test1234.
user4431,Test1234.
user4432,Test1234.
user4433,Test1234.
user4434,Test1234.
user4435,Test1234.
user4436,Test1234.
user4437,Test1234.
user4438,Test1234.
user4439,Test1234.
user4440,Test1234.
user4441,Test1234.
user4442,Test1234.
user4443,Test1234.
user4444,Test1234.
user4445,Test1234.
user4446,Test1234.
user4447,Test1234.
user4448,Test1234.
user4449,Test1234.
user4450,Test1234.
user4451,Test1234.
user4452,Test1234.
user4453,Test1234.
user4454,Test1234.
user4455,Test1234.
user4456,Test1234.
user4457,Test1234.
user4458,Test1234.
user4459,Test1234.
user4460,Test1234.
user4461,Test1234.
user4462,Test1234.
user4463,Test1234.
user4464,Test1234.
user4465,Test1234.
user4466,Test1234.
user4467,Test1234.
user4468,Test1234.
user4469,Test1234.
user4470,Test1234.
user4471,Test1234.
user4472,Test1234.
user4473,Test1234.
user4474,Test1234.
user4475,Test1234.
user4476,Test1234.
user4477,Test1234.
user4478,Test1234.
user4479,Test1234.
user4480,Test1234.
user4481,Test1234.
user4482,Test1234.
user4483,Test1234.
user4484,Test1234.
user4485,Test1234.
user4486,Test1234.
user4487,Test1234.
user4488,Test1234.
user4489,Test1234.
user4490,Test1234.
user4491,Test1234.
user4492,Test1234.
user4493,Test1234.
user4494,Test1234.
user4495,Test1234.
user4496,Test1234.
user4497,Test1234.
user4498,Test1234.
user4499,Test1234.
user4500,Test1234.
user4501,Test1234.
user4502,Test1234.
user4503,Test1234.
user4504,Test1234.
user4505,Test1234.
user4506,Test1234.
user4507,Test1234.
user4508,Test1234.
user4509,Test1234.
user4510,Test1234.
user4511,Test1234.
user4512,Test1234.
user4513,Test1234.
user4514,Test1234.
user4515,Test1234.
user4516,Test1234.
user4517,Test1234.
user4518,Test1234.
user4519,Test1234.
user4520,Test1234.
user4521,Test1234.
user4522,Test1234.
user4523,Test1234.
user4524,Test1234.
user4525,Test1234.
user4526,Test1234.
user4527,Test1234.
user4528,Test1234.
user4529,Test1234.
user4530,Test1234.
user4531,Test1234.
user4532,Test1234.
user4533,Test1234.
user4534,Test1234.
user4535,Test1234.
user4536,Test1234.
user4537,Test1234.
user4538,Test1234.
user4539,Test1234.
user4540,Test1234.
user4541,Test1234.
user4542,Test1234.
user4543,Test1234.
user4544,Test1234.
user4545,Test1234.
user4546,Test1234.
user4547,Test1234.
user4548,Test1234.
user4549,Test1234.
user4550,Test1234.
user4551,Test1234.
user4552,Test1234.
user4553,Test1234.
user4554,Test1234.
user4555,Test1234.
user4556,Test1234.
user4557,Test1234.
user4558,Test1234.
user4559,Test1234.
user4560,Test1234.
user4561,Test1234.
user4562,Test1234.
user4563,Test1234.
user4564,Test1234.
user4565,Test1234.
user4566,Test1234.
user4567,Test1234.
user4568,Test1234.
user4569,Test1234.
user4570,Test1234.
user4571,Test1234.
user4572,Test1234.
user4573,Test1234.
user4574,Test1234.
user4575,Test1234.
user4576,Test1234.
user4577,Test1234.
user4578,Test1234.
user4579,Test1234.
user4580,Test1234.
user4581,Test1234.
user4582,Test1234.
user4583,Test1234.
user4584,Test1234.
user4585,Test1234.
user4586,Test1234.
user4587,Test1234.
user4588,Test1234.
user4589,Test1234.
user4590,Test1234.
user4591,Test1234.
user4592,Test1234.
user4593,Test1234.
user4594,Test1234.
user4595,Test1234.
user4596,Test1234.
user4597,Test1234.
user4598,Test1234.
user4599,Test1234.
user4600,Test1234.
user4601,Test1234.
user4602,Test1234.
user4603,Test1234.
user4604,Test1234.
user4605,Test1234.
user4606,Test1234.
user4607,Test1234.
user4608,Test1234.
user4609,Test1234.
user4610,Test1234.
user4611,Test1234.
user4612,Test1234.
user4613,Test1234.
user4614,Test1234.
user4615,Test1234.
user4616,Test1234.
user4617,Test1234.
user4618,Test1234.
user4619,Test1234.
user4620,Test1234.
user4621,Test1234.
user4622,Test1234.
user4623,Test1234.
user4624,Test1234.
user4625,Test1234.
user4626,Test1234.
user4627,Test1234.
user4628,Test1234.
user4629,Test1234.
user4630,Test1234.
user4631,Test1234.
user4632,Test1234.
user4633,Test1234.
user4634,Test1234.
user4635,Test1234.
user4636,Test1234.
user4637,Test1234.
user4638,Test1234.
user4639,Test1234.
user4640,Test1234.
user4641,Test1234.
user4642,Test1234.
user4643,Test1234.
user4644,Test1234.
user4645,Test1234.
user4646,Test1234.
user4647,Test1234.
user4648,Test1234.
user4649,Test1234.
user4650,Test1234.
user4651,Test1234.
user4652,Test1234.
user4653,Test1234.
user4654,Test1234.
user4655,Test1234.
user4656,Test1234.
user4657,Test1234.
user4658,Test1234.
user4659,Test1234.
user4660,Test1234.
user4661,Test1234.
user4662,Test1234.
user4663,Test1234.
user4664,Test1234.
user4665,Test1234.
user4666,Test1234.
user4667,Test1234.
user4668,Test1234.
user4669,Test1234.
user4670,Test1234.
user4671,Test1234.
user4672,Test1234.
user4673,Test1234.
user4674,Test1234.
user4675,Test1234.
user4676,Test1234.
user4677,Test1234.
user4678,Test1234.
user4679,Test1234.
user4680,Test1234.
user4681,Test1234.
user4682,Test1234.
user4683,Test1234.
user4684,Test1234.
user4685,Test1234.
user4686,Test1234.
user4687,Test1234.
user4688,Test1234.
user4689,Test1234.
user4690,Test1234.
user4691,Test1234.
user4692,Test1234.
user4693,Test1234.
user4694,Test1234.
user4695,Test1234.
user4696,Test1234.
user4697,Test1234.
user4698,Test1234.
user4699,Test1234.
user4700,Test1234.
user4701,Test1234.
user4702,Test1234.
user4703,Test1234.
user4704,Test1234.
user4705,Test1234.
user4706,Test1234.
user4707,Test1234.
user4708,Test1234.
user4709,Test1234.
user4710,Test1234.
user4711,Test1234.
user4712,Test1234.
user4713,Test1234.
user4714,Test1234.
user4715,Test1234.
user4716,Test1234.
user4717,Test1234.
user4718,Test1234.
user4719,Test1234.
user4720,Test1234.
user4721,Test1234.
user4722,Test1234.
user4723,Test1234.
user4724,Test1234.
user4725,Test1234.
user4726,Test1234.
user4727,Test1234.
user4728,Test1234.
user4729,Test1234.
user4730,Test1234.
user4731,Test1234.
user4732,Test1234.
user4733,Test1234.
user4734,Test1234.
user4735,Test1234.
user4736,Test1234.
user4737,Test1234.
user4738,Test1234.
user4739,Test1234.
user4740,Test1234.
user4741,Test1234.
user4742,Test1234.
user4743,Test1234.
user4744,Test1234.
user4745,Test1234.
user4746,Test1234.
user4747,Test1234.
user4748,Test1234.
user4749,Test1234.
user4750,Test1234.
user4751,Test1234.
user4752,Test1234.
user4753,Test1234.
user4754,Test1234.
user4755,Test1234.
user4756,Test1234.
user4757,Test1234.
user4758,Test1234.
user4759,Test1234.
user4760,Test1234.
user4761,Test1234.
user4762,Test1234.
user4763,Test1234.
user4764,Test1234.
user4765,Test1234.
user4766,Test1234.
user4767,Test1234.
user4768,Test1234.
user4769,Test1234.
user4770,Test1234.
user4771,Test1234.
user4772,Test1234.
user4773,Test1234.
user4774,Test1234.
user4775,Test1234.
user4776,Test1234.
user4777,Test1234.
user4778,Test1234.
user4779,Test1234.
user4780,Test1234.
user4781,Test1234.
user4782,Test1234.
user4783,Test1234.
user4784,Test1234.
user4785,Test1234.
user4786,Test1234.
user4787,Test1234.
user4788,Test1234.
user4789,Test1234.
user4790,Test1234.
user4791,Test1234.
user4792,Test1234.
user4793,Test1234.
user4794,Test1234.
user4795,Test1234.
user4796,Test1234.
user4797,Test1234.
user4798,Test1234.
user4799,Test1234.
user4800,Test1234.
user4801,Test1234.
user4802,Test1234.
user4803,Test1234.
user4804,Test1234.
user4805,Test1234.
user4806,Test1234.
user4807,Test1234.
user4808,Test1234.
user4809,Test1234.
user4810,Test1234.
user4811,Test1234.
user4812,Test1234.
user4813,Test1234.
user4814,Test1234.
user4815,Test1234.
user4816,Test1234.
user4817,Test1234.
user4818,Test1234.
user4819,Test1234.
user4820,Test1234.
user4821,Test1234.
user4822,Test1234.
user4823,Test1234.
user4824,Test1234.
user4825,Test1234.
user4826,Test1234.
user4827,Test1234.
user4828,Test1234.
user4829,Test1234.
user4830,Test1234.
user4831,Test1234.
user4832,Test1234.
user4833,Test1234.
user4834,Test1234.
user4835,Test1234.
user4836,Test1234.
user4837,Test1234.
user4838,Test1234.
user4839,Test1234.
user4840,Test1234.
user4841,Test1234.
user4842,Test1234.
user4843,Test1234.
user4844,Test1234.
user4845,Test1234.
user4846,Test1234.
user4847,Test1234.
user4848,Test1234.
user4849,Test1234.
user4850,Test1234.
user4851,Test1234.
user4852,Test1234.
user4853,Test1234.
user4854,Test1234.
user4855,Test1234.
user4856,Test1234.
user4857,Test1234.
user4858,Test1234.
user4859,Test1234.
user4860,Test1234.
user4861,Test1234.
user4862,Test1234.
user4863,Test1234.
user4864,Test1234.
user4865,Test1234.
user4866,Test1234.
user4867,Test1234.
user4868,Test1234.
user4869,Test1234.
user4870,Test1234.
user4871,Test1234.
user4872,Test1234.
user4873,Test1234.
user4874,Test1234.
user4875,Test1234.
user4876,Test1234.
user4877,Test1234.
user4878,Test1234.
user4879,Test1234.
user4880,Test1234.
user4881,Test1234.
user4882,Test1234.
user4883,Test1234.
user4884,Test1234.
user4885,Test1234.
user4886,Test1234.
user4887,Test1234.
user4888,Test1234.
user4889,Test1234.
user4890,Test1234.
user4891,Test1234.
user4892,Test1234.
user4893,Test1234.
user4894,Test1234.
user4895,Test1234.
user4896,Test1234.
user4897,Test1234.
user4898,Test1234.
user4899,Test1234.
user4900,Test1234.
user4901,Test1234.
user4902,Test1234.
user4903,Test1234.
user4904,Test1234.
user4905,Test1234.
user4906,Test1234.
user4907,Test1234.
user4908,Test1234.
user4909,Test1234.
user4910,Test1234.
user4911,Test1234.
user4912,Test1234.
user4913,Test1234.
user4914,Test1234.
user4915,Test1234.
user4916,Test1234.
user4917,Test1234.
user4918,Test1234.
user4919,Test1234.
user4920,Test1234.
user4921,Test1234.
user4922,Test1234.
user4923,Test1234.
user4924,Test1234.
user4925,Test1234.
user4926,Test1234.
user4927,Test1234.
user4928,Test1234.
user4929,Test1234.
user4930,Test1234.
user4931,Test1234.
user4932,Test1234.
user4933,Test1234.
user4934,Test1234.
user4935,Test1234.
user4936,Test1234.
user4937,Test1234.
user4938,Test1234.
user4939,Test1234.
user4940,Test1234.
user4941,Test1234.
user4942,Test1234.
user4943,Test1234.
user4944,Test1234.
user4945,Test1234.
user4946,Test1234.
user4947,Test1234.
user4948,Test1234.
user4949,Test1234.
user4950,Test1234.
user4951,Test1234.
user4952,Test1234.
user4953,Test1234.
user4954,Test1234.
user4955,Test1234.
user4956,Test1234.
user4957,Test1234.
user4958,Test1234.
user4959,Test1234.
user4960,Test1234.
user4961,Test1234.
user4962,Test1234.
user4963,Test1234.
user4964,Test1234.
user4965,Test1234.
user4966,Test1234.
user4967,Test1234.
user4968,Test1234.
user4969,Test1234.
user4970,Test1234.
user4971,Test1234.
user4972,Test1234.
user4973,Test1234.
user4974,Test1234.
user4975,Test1234.
user4976,Test1234.
user4977,Test1234.
user4978,Test1234.
user4979,Test1234.
user4980,Test1234.
user4981,Test1234.
user4982,Test1234.
user4983,Test1234.
user4984,Test1234.
user4985,Test1234.
user4986,Test1234.
user4987,Test1234.
user4988,Test1234.
user4989,Test1234.
user4990,Test1234.
user4991,Test1234.
user4992,Test1234.
user4993,Test1234.
user4994,Test1234.
user4995,Test1234.
user4996,Test1234.
user4997,Test1234.
user4998,Test1234.
user4999,Test1234.
user5000,Test1234.
